Date,BRK-B,IEMG,SMH,SPY,SPYG,VTI
2015-11-02,138.39999389648438,32.1478157043457,24.395263671875,175.88491821289062,22.882349014282227,90.26011657714844
2015-11-03,137.94000244140625,32.535316467285156,24.60479736328125,176.3948211669922,22.895639419555664,90.48589324951172
2015-11-04,137.42999267578125,32.31175231933594,24.765295028686523,175.85983276367188,22.88456916809082,90.26848602294922
2015-11-05,136.57000732421875,32.304290771484375,24.123313903808594,175.6842498779297,22.82921028137207,90.16813659667969
2015-11-06,136.3300018310547,31.924245834350586,24.60479736328125,175.59226989746094,22.80706787109375,90.18482208251953
2015-11-09,134.0,31.141786575317383,24.40863609313965,173.95379638671875,22.585636138916016,89.28167724609375
2015-11-10,134.72999572753906,31.044921875,24.020774841308594,174.3550567626953,22.57013511657715,89.48236846923828
2015-11-11,134.9600067138672,31.11943244934082,24.02968978881836,173.6695556640625,22.53470802307129,89.09770965576172
2015-11-12,132.77999877929688,30.79900360107422,23.72207260131836,171.24513244628906,22.28670883178711,87.76799774169922
2015-11-13,131.9600067138672,30.40404510498047,23.47687339782715,169.3223114013672,21.947933197021484,86.83969116210938
2015-11-16,133.3000030517578,30.970399856567383,23.780033111572266,171.8971710205078,22.25792694091797,88.10250091552734
2015-11-17,133.08999633789062,30.8958740234375,24.020774841308594,171.77175903320312,22.28893280029297,87.99378204345703
2015-11-18,136.22000122070312,31.208866119384766,24.14560317993164,174.49710083007812,22.618850708007812,89.3987808227539
2015-11-19,136.6300048828125,31.454788208007812,24.332853317260742,174.34669494628906,22.636560440063477,89.28167724609375
2015-11-20,136.6300048828125,31.752853393554688,24.426469802856445,174.9820098876953,22.76500129699707,89.66635131835938
2015-11-23,135.99000549316406,31.492034912109375,24.150060653686523,174.7813720703125,22.742855072021484,89.57437896728516
2015-11-24,135.5399932861328,31.61871910095215,24.404178619384766,175.01548767089844,22.760570526123047,89.80851745605469
2015-11-25,135.1300048828125,31.439876556396484,24.439847946166992,174.99041748046875,22.77828598022461,89.87543487548828
2015-11-27,134.6300048828125,30.851167678833008,24.560218811035156,175.19100952148438,22.78049659729004,90.00923919677734
2015-11-30,134.08999633789062,30.828811645507812,24.876750946044922,174.4636993408203,22.645421981811523,89.62454223632812
2015-12-01,136.42999267578125,31.07472038269043,25.170989990234375,176.12733459472656,22.882349014282227,90.46920013427734
2015-12-02,135.27000427246094,30.73193359375,25.072908401489258,174.32994079589844,22.69413948059082,89.52423095703125
2015-12-03,132.66000366210938,30.567995071411133,24.90349769592285,171.8888702392578,22.342071533203125,88.18612670898438
2015-12-04,136.47999572753906,30.761741638183594,25.322568893432617,175.2411651611328,22.815927505493164,89.80851745605469
2015-12-07,135.60000610351562,30.277360916137695,25.113033294677734,174.179443359375,22.678640365600586,89.10606384277344
2015-12-08,133.36000061035156,29.934566497802734,24.885665893554688,173.00904846191406,22.652067184448242,88.57085418701172
2015-12-09,131.7100067138672,29.666301727294922,24.62263298034668,171.6630401611328,22.397430419921875,87.809814453125
2015-12-10,131.7100067138672,29.4501953125,24.7117977142334,172.10618591308594,22.435070037841797,88.0690689086914
2015-12-11,130.30999755859375,28.66773223876953,24.23476791381836,168.77059936523438,22.01213836669922,86.33794403076172
2015-12-14,132.02000427246094,29.085044860839844,24.051979064941406,169.623291015625,22.149423599243164,86.64738464355469
2015-12-15,134.8800048828125,29.554521560668945,24.430927276611328,171.40394592285156,22.295570373535156,87.57565307617188
2015-12-16,135.8800048828125,30.076156616210938,24.62263298034668,173.91195678710938,22.64985466003418,88.8467788696289
2015-12-17,133.97000122070312,29.72591781616211,24.292724609375,171.26182556152344,22.3221435546875,87.54222869873047
2015-12-18,129.52999877929688,29.614139556884766,23.95836067199707,168.21080017089844,21.885194778442383,86.05361938476562
2015-12-21,131.19000244140625,29.868005752563477,24.37786293029785,169.59837341308594,22.089874267578125,86.73739624023438
2015-12-22,133.13999938964844,30.117347717285156,24.482629776000977,171.1373291015625,22.241151809692383,87.51954650878906
2015-12-23,134.14999389648438,30.480026245117188,24.614723205566406,173.2566375732422,22.43470573425293,88.61293029785156
2015-12-24,133.88999938964844,30.351573944091797,24.68304443359375,172.97068786621094,22.44806671142578,88.50360107421875
2015-12-28,133.1199951171875,30.177799224853516,24.62383270263672,172.57545471191406,22.403566360473633,88.31015014648438
2015-12-29,134.13999938964844,30.238248825073242,24.897127151489258,174.41714477539062,22.681669235229492,89.25212097167969
2015-12-30,133.25999450683594,29.80756950378418,24.655715942382812,173.18087768554688,22.53705596923828,88.57927703857422
2015-12-31,132.0399932861328,29.762231826782227,24.268545150756836,171.44850158691406,22.2856502532959,87.72139739990234
2016-01-04,130.75,29.00665283203125,24.013473510742188,169.0517578125,21.840694427490234,86.40935516357422
2016-01-05,131.25,29.074657440185547,23.790283203125,169.33770751953125,21.918569564819336,86.60283660888672
2016-01-06,131.3300018310547,28.553308486938477,23.175369262695312,167.2016143798828,21.70720672607422,85.44216918945312
2016-01-07,129.47999572753906,27.69194221496582,22.46025276184082,163.190185546875,21.146562576293945,83.34796142578125
2016-01-08,128.3300018310547,27.427490234375,22.104965209960938,161.39892578125,20.955236434936523,82.3975830078125
2016-01-11,128.36000061035156,27.397274017333984,22.305381774902344,161.55870056152344,21.015308380126953,82.3471450805664
2016-01-12,128.8000030517578,27.419937133789062,22.496688842773438,162.8622589111328,21.222213745117188,82.91059875488281
2016-01-13,126.25,27.12525749206543,21.836225509643555,158.8003692626953,20.625961303710938,80.77436828613281
2016-01-14,128.07000732421875,27.472827911376953,22.41469955444336,161.40731811523438,20.946334838867188,82.01068878173828
2016-01-15,126.13999938964844,26.339454650878906,21.271419525146484,157.9425048828125,20.51027488708496,80.28655242919922
2016-01-19,127.76000213623047,26.777692794799805,21.41261863708496,158.1527557373047,20.55254364013672,80.20243072509766
2016-01-20,124.83000183105469,26.211009979248047,21.467281341552734,156.1260223388672,20.36344337463379,79.41184997558594
2016-01-21,125.62000274658203,26.331899642944336,21.763347625732422,157.0006866455078,20.434629440307617,79.72306060791016
2016-01-22,127.04000091552734,27.155485153198242,22.177846908569336,160.22157287597656,20.901836395263672,81.42194366455078
2016-01-25,124.12999725341797,26.717247009277344,21.927324295043945,157.79957580566406,20.643762588500977,80.08470153808594
2016-01-26,125.88999938964844,27.07237434387207,22.11407470703125,159.9524688720703,20.857345581054688,81.30421447753906
2016-01-27,125.19000244140625,26.95903778076172,21.868112564086914,158.211669921875,20.51473045349121,80.37907409667969
2016-01-28,126.01000213623047,27.35948371887207,21.75423812866211,159.0358428955078,20.672679901123047,80.69865417480469
2016-01-29,129.77000427246094,28.213293075561523,22.647003173828125,162.91265869140625,21.13544464111328,82.70034790039062
2016-02-01,128.66000366210938,27.971511840820312,22.747209548950195,162.85377502441406,21.184389114379883,82.7171630859375
2016-02-02,125.69999694824219,27.132814407348633,22.123186111450195,159.9188232421875,20.819522857666016,81.11917114257812
2016-02-03,126.23999786376953,27.82794761657715,22.155067443847656,160.87754821777344,20.81507682800293,81.60697174072266
2016-02-04,127.44000244140625,27.99418067932129,22.583234786987305,161.12985229492188,20.797273635864258,81.80043029785156
2016-02-05,126.55999755859375,27.69194221496582,21.795230865478516,158.060302734375,20.218833923339844,80.11834716796875
2016-02-08,126.77999877929688,27.336828231811523,21.33063316345215,155.9326629638672,19.91848373413086,78.87358093261719
2016-02-09,127.72000122070312,26.95903778076172,21.239532470703125,155.9410400390625,19.95408058166504,78.77262878417969
2016-02-10,126.58000183105469,27.07237434387207,20.934354782104492,155.80650329589844,20.01192855834961,78.8231201171875
2016-02-11,125.08999633789062,26.64924430847168,20.784042358398438,153.7797088623047,19.842838287353516,77.84748077392578
2016-02-12,128.07000732421875,27.04214859008789,21.19398307800293,156.95018005371094,20.149860382080078,79.36139678955078
2016-02-16,128.55999755859375,27.601274490356445,21.913658142089844,159.59922790527344,20.5481014251709,80.8079833984375
2016-02-17,130.25999450683594,28.145280838012695,22.43747329711914,162.2062530517578,20.910734176635742,82.14527130126953
2016-02-18,130.86000061035156,27.971511840820312,22.34637451171875,161.54188537597656,20.76612663269043,81.81724548339844
2016-02-19,131.0500030517578,27.85816764831543,22.387371063232422,161.46627807617188,20.803953170776367,81.83409881591797
2016-02-22,131.99000549316406,28.530635833740234,22.75176239013672,163.80413818359375,21.09762191772461,83.02835083007812
2016-02-23,130.74000549316406,27.94884490966797,22.369150161743164,161.73533630371094,20.857345581054688,82.02751159667969
2016-02-24,131.02999877929688,27.903512954711914,22.656110763549805,162.4753875732422,20.970808029174805,82.4480209350586
2016-02-25,132.30999755859375,27.99418067932129,22.92029571533203,164.44320678710938,21.224435806274414,83.42366027832031
2016-02-26,131.9199981689453,27.71461296081543,23.047834396362305,164.0648193359375,21.184389114379883,83.35640716552734
2016-02-29,134.1699981689453,27.941286087036133,22.970399856567383,162.77809143066406,20.975250244140625,82.69194030761719
2016-03-01,136.94000244140625,28.93864631652832,23.676408767700195,166.6045684814453,21.518108367919922,84.65998840332031
2016-03-02,136.72999572753906,29.30133056640625,23.799396514892578,167.35301208496094,21.52922821044922,85.13098907470703
2016-03-03,136.83999633789062,29.588455200195312,23.854055404663086,168.00897216796875,21.535900115966797,85.55152130126953
2016-03-04,137.97000122070312,30.177799224853516,24.00891876220703,168.55555725097656,21.587081909179688,85.84587860107422
2016-03-07,138.72000122070312,30.10979652404785,24.10001564025879,168.69015502929688,21.506977081298828,86.02249145507812
2016-03-08,137.8000030517578,29.63377571105957,23.6445255279541,166.84837341308594,21.364593505859375,84.95435333251953
2016-03-09,139.1300048828125,29.792457580566406,23.81305503845215,167.67262268066406,21.45802879333496,85.366455078125
2016-03-10,138.6199951171875,29.860454559326172,23.940595626831055,167.80711364746094,21.446908950805664,85.34127807617188
2016-03-11,140.64999389648438,30.5102596282959,24.423410415649414,170.51510620117188,21.791748046875,86.78784942626953
2016-03-14,139.72000122070312,30.291133880615234,24.314096450805664,170.29638671875,21.83847427368164,86.68692779541016
2016-03-15,140.39999389648438,29.860454559326172,24.232112884521484,170.0189208984375,21.820676803588867,86.39118957519531
2016-03-16,139.8300018310547,30.449806213378906,24.514514923095703,171.0028533935547,21.967506408691406,86.93196105957031
2016-03-17,142.39999389648438,31.0996036529541,24.68304443359375,172.08767700195312,22.034255981445312,87.5994873046875
2016-03-18,142.16000366210938,31.19782257080078,24.997333526611328,172.76390075683594,22.07980728149414,87.98820495605469
2016-03-21,142.1300048828125,31.318721771240234,24.997333526611328,173.00906372070312,22.137859344482422,88.07269287109375
2016-03-22,142.17999267578125,31.243162155151367,24.983667373657227,172.9160919189453,22.157962799072266,88.0473403930664
2016-03-23,140.9600067138672,30.714263916015625,24.68760108947754,171.77488708496094,22.046314239501953,87.3291244506836
2016-03-24,140.11000061035156,30.653812408447266,24.646608352661133,171.69882202148438,22.064176559448242,87.30376434326172
2016-03-28,141.2899932861328,30.767147064208984,24.637496948242188,171.80027770996094,22.06194305419922,87.3629150390625
2016-03-29,141.89999389648438,31.144943237304688,24.97911262512207,173.3894500732422,22.323204040527344,88.33465576171875
2016-03-30,142.4600067138672,31.492504119873047,25.22963523864746,174.15025329589844,22.428152084350586,88.67263793945312
2016-03-31,141.8800048828125,31.447168350219727,25.08843421936035,173.7275848388672,22.4482479095459,88.57123565673828
2016-04-01,143.7899932861328,31.386730194091797,25.206857681274414,174.9109344482422,22.62242317199707,89.12893676757812
2016-04-04,143.22000122070312,31.05426788330078,25.010997772216797,174.34461975097656,22.539804458618164,88.75714111328125
2016-04-05,141.1999969482422,30.47247314453125,24.824247360229492,172.6032257080078,22.32990074157715,87.895263671875
2016-04-06,141.6999969482422,30.865365982055664,25.056549072265625,174.48834228515625,22.6157283782959,88.85851287841797
2016-04-07,140.80999755859375,30.276023864746094,24.724037170410156,172.40040588378906,22.323204040527344,87.79385375976562
2016-04-08,141.05999755859375,30.759593963623047,24.84246826171875,172.86534118652344,22.35669708251953,88.0473403930664
2016-04-11,140.99000549316406,31.12982177734375,24.869794845581055,172.4595947265625,22.249509811401367,87.80229949951172
2016-04-12,142.39999389648438,31.605836868286133,24.828800201416016,174.0656280517578,22.42145538330078,88.65573120117188
2016-04-13,144.0399932861328,32.12718963623047,25.334394454956055,175.82394409179688,22.595624923706055,89.695068359375
2016-04-14,143.72000122070312,31.991188049316406,25.06110191345215,175.83233642578125,22.620189666748047,89.66127014160156
2016-04-15,143.4499969482422,31.824953079223633,24.874351501464844,175.63795471191406,22.597864151000977,89.6189956665039
2016-04-18,144.3800048828125,31.976072311401367,24.90623664855957,176.8721466064453,22.740766525268555,90.21894836425781
2016-04-19,145.9499969482422,32.46719741821289,24.69671058654785,177.43002319335938,22.711750030517578,90.47247314453125
2016-04-20,146.08999633789062,32.293418884277344,24.815135955810547,177.59910583496094,22.698339462280273,90.56539916992188
2016-04-21,144.86000061035156,31.96095848083496,24.678491592407227,176.64385986328125,22.613494873046875,90.11756134033203
2016-04-22,146.11000061035156,31.79473876953125,24.692153930664062,176.64385986328125,22.488445281982422,90.24430847167969
2016-04-25,146.17999267578125,31.62095069885254,24.569169998168945,176.33963012695312,22.486217498779297,90.02460479736328
2016-04-26,147.02000427246094,31.90807342529297,24.833354949951172,176.60159301757812,22.43708610534668,90.26966094970703
2016-04-27,147.60000610351562,32.074302673339844,25.124868392944336,176.96511840820312,22.410287857055664,90.48934173583984
2016-04-28,146.07000732421875,31.78718376159668,24.50084686279297,175.3590087890625,22.182527542114258,89.67817687988281
2016-04-29,145.47999572753906,31.65873146057129,23.89504623413086,174.41226196289062,22.097671508789062,89.1542739868164
2016-05-02,146.88999938964844,31.583166122436523,24.054468154907227,175.79856872558594,22.307573318481445,89.84716796875
2016-05-03,144.8300018310547,30.767147064208984,23.803945541381836,174.2685089111328,22.14679527282715,88.94302368164062
2016-05-04,144.24000549316406,30.321359634399414,23.548873901367188,173.2964324951172,22.06194305419922,88.41915130615234
2016-05-05,143.8800048828125,30.31379508972168,23.63541603088379,173.26263427734375,22.05971336364746,88.3853530883789
2016-05-06,144.6199951171875,30.366689682006836,23.639970779418945,173.89663696289062,22.1735897064209,88.70645141601562
2016-05-09,142.91000366210938,29.943571090698242,23.61719512939453,174.04026794433594,22.231643676757812,88.79938507080078
2016-05-10,144.77999877929688,30.54047393798828,23.881380081176758,176.2042999267578,22.526405334472656,89.8555908203125
2016-05-11,142.8699951171875,30.47247314453125,23.77206039428711,174.55593872070312,22.309810638427734,89.0359878540039
2016-05-12,143.30999755859375,30.381799697875977,23.34845542907715,174.6066131591797,22.258447647094727,89.002197265625
2016-05-13,141.39999389648438,29.860454559326172,23.416778564453125,173.08511352539062,22.157962799072266,88.23324584960938
2016-05-16,141.85000610351562,30.18535614013672,23.885940551757812,174.7926483154297,22.36786651611328,89.11204528808594
2016-05-17,140.33999633789062,30.064455032348633,23.662744522094727,173.16119384765625,22.1043643951416,88.30931091308594
2016-05-18,141.47000122070312,29.83022689819336,24.081798553466797,173.21192932128906,22.095441818237305,88.30086517333984
2016-05-19,140.7899932861328,29.588455200195312,23.872270584106445,172.6117401123047,21.999414443969727,87.95439910888672
2016-05-20,141.8300018310547,29.860454559326172,24.66482925415039,173.7021942138672,22.124465942382812,88.63040924072266
2016-05-23,141.47999572753906,29.792457580566406,24.824247360229492,173.46551513671875,22.097671508789062,88.52056121826172
2016-05-24,143.7100067138672,30.087127685546875,25.42549705505371,175.71405029296875,22.4549503326416,89.70350646972656
2016-05-25,144.0800018310547,30.381799697875977,25.56669807434082,176.9059600830078,22.577756881713867,90.35416412353516
2016-05-26,143.0500030517578,30.555587768554688,25.653240203857422,176.95660400390625,22.609025955200195,90.3372573852539
2016-05-27,143.35000610351562,30.555587768554688,25.821767807006836,177.71742248535156,22.700578689575195,90.7428207397461
2016-05-31,140.5399932861328,30.578258514404297,25.91742515563965,177.3793182373047,22.6916446685791,90.70059204101562
2016-06-01,141.99000549316406,30.585817337036133,26.022192001342773,177.7427978515625,22.705045700073242,90.94564819335938
2016-06-02,142.11000061035156,30.820037841796875,26.01763343811035,178.2837677001953,22.772035598754883,91.24983978271484
2016-06-03,141.13999938964844,31.250720977783203,26.067739486694336,177.751220703125,22.709510803222656,90.996337890625
2016-06-06,141.82000732421875,31.50006103515625,26.003969192504883,178.6556854248047,22.7831974029541,91.46954345703125
2016-06-07,141.41000366210938,31.79473876953125,26.27726173400879,178.9346466064453,22.785430908203125,91.64697265625
2016-06-08,142.52999877929688,32.02141571044922,26.28182029724121,179.5178985595703,22.84125328063965,91.96808624267578
2016-06-09,142.22999572753906,31.66628074645996,26.28182029724121,179.2727813720703,22.85019302368164,91.78218841552734
2016-06-10,141.75999450683594,30.925819396972656,25.82632827758789,177.5736846923828,22.62242317199707,90.83580017089844
2016-06-13,140.94000244140625,30.495140075683594,25.717010498046875,176.2042999267578,22.475048065185547,90.0837631225586
2016-06-14,141.3000030517578,30.404470443725586,25.68512535095215,175.8577423095703,22.459415435791016,89.92163848876953
2016-06-15,140.4499969482422,30.676477432250977,25.657798767089844,175.61257934570312,22.40135383605957,89.82831573486328
2016-06-16,141.99000549316406,30.60092544555664,25.67146110534668,176.13668823242188,22.49514389038086,90.09140014648438
2016-06-17,140.72999572753906,30.646257400512695,25.49837303161621,175.48074340820312,22.346967697143555,89.79434204101562
2016-06-20,141.6699981689453,31.15249252319336,25.926536560058594,176.61085510253906,22.46354103088379,90.4054183959961
2016-06-21,143.52999877929688,31.401836395263672,26.049514770507812,177.11216735839844,22.51957893371582,90.60061645507812
2016-06-22,143.94000244140625,31.433107376098633,26.01763343811035,176.82322692871094,22.48594856262207,90.39697265625
2016-06-23,145.97999572753906,32.18041229248047,26.668983459472656,179.12596130371094,22.72132682800293,91.64454650878906
2016-06-24,139.7100067138672,30.29686737060547,25.111207962036133,172.69369506835938,21.977102279663086,88.30911254882812
2016-06-27,138.5,29.946090698242188,24.336870193481445,169.60073852539062,21.613950729370117,86.55228424072266
2016-06-28,140.27999877929688,30.830665588378906,25.001890182495117,172.65966796875,21.981578826904297,88.13932800292969
2016-06-29,142.1199951171875,31.56273651123047,25.51203727722168,175.59967041015625,22.358182907104492,89.71797180175781
2016-06-30,144.7899932861328,31.90589141845703,25.967529296875,177.99581909179688,22.620452880859375,90.94861602783203
2016-07-01,143.9600067138672,32.14228820800781,25.776222229003906,178.36972045898438,22.705631256103516,91.12681579589844
2016-07-05,142.22999572753906,31.532236099243164,25.366281509399414,177.08663940429688,22.613723754882812,90.44786834716797
2016-07-06,142.50999450683594,31.41021728515625,25.402719497680664,178.1488037109375,22.750471115112305,90.9995346069336
2016-07-07,141.91000366210938,31.364473342895508,25.68968391418457,178.038330078125,22.719078063964844,90.95709228515625
2016-07-08,143.64999389648438,32.00502395629883,26.391136169433594,180.6893768310547,23.073261260986328,92.37445831298828
2016-07-11,143.92999267578125,32.26430130004883,26.746414184570312,181.32669067382812,23.15620231628418,92.75635528564453
2016-07-12,144.6699981689453,32.737091064453125,27.037933349609375,182.6437225341797,23.263803482055664,93.52870178222656
2016-07-13,145.92999267578125,32.66083526611328,27.0424861907959,182.6182403564453,23.259321212768555,93.4778060913086
2016-07-14,145.72999572753906,33.110755920410156,27.270233154296875,183.63787841796875,23.371400833129883,93.92760467529297
2016-07-15,145.97000122070312,33.042118072509766,27.192798614501953,183.3914031982422,23.35346794128418,93.82575225830078
2016-07-18,146.57000732421875,33.301395416259766,27.9853515625,183.88427734375,23.416236877441406,94.08888244628906
2016-07-19,146.9199981689453,32.97349166870117,27.876035690307617,183.6973419189453,23.384857177734375,93.90213775634766
2016-07-20,146.1699981689453,33.148887634277344,28.304195404052734,184.46209716796875,23.552974700927734,94.40289306640625
2016-07-21,144.35000610351562,33.0726318359375,28.062786102294922,183.7652587890625,23.458820343017578,94.02946472167969
2016-07-22,144.60000610351562,33.301395416259766,28.2313175201416,184.5895538330078,23.56194305419922,94.47926330566406
2016-07-25,144.13999938964844,32.988739013671875,28.363407135009766,184.08822631835938,23.51487159729004,94.2331314086914
2016-07-26,144.33999633789062,33.21751403808594,29.183292388916016,184.1732177734375,23.494693756103516,94.33499908447266
2016-07-27,144.19000244140625,33.32427215576172,29.07853126525879,183.9777374267578,23.51487159729004,94.22464752197266
2016-07-28,144.4199981689453,33.3318977355957,29.042091369628906,184.190185546875,23.609024047851562,94.34349060058594
2016-07-29,144.27000427246094,33.53017044067383,28.923662185668945,184.4875946044922,23.658334732055664,94.56414031982422
2016-08-01,143.92999267578125,33.453914642333984,29.00565528869629,184.3345947265625,23.685230255126953,94.43682861328125
2016-08-02,143.30999755859375,33.263267517089844,28.623037338256836,183.15350341796875,23.557453155517578,93.72390747070312
2016-08-03,143.6300048828125,33.370033264160156,28.695920944213867,183.68882751464844,23.600051879882812,94.07188415527344
2016-08-04,143.1199951171875,33.5606689453125,28.900890350341797,183.88427734375,23.626953125,94.1822280883789
2016-08-05,145.64999389648438,33.92670440673828,29.23795509338379,185.38833618164062,23.783864974975586,94.96302795410156
2016-08-08,145.55999755859375,34.14021682739258,29.23795509338379,185.27780151367188,23.732309341430664,94.90362548828125
2016-08-09,147.22000122070312,34.391868591308594,29.433815002441406,185.38833618164062,23.770418167114258,94.98851776123047
2016-08-10,146.69000244140625,34.37662124633789,29.23795509338379,184.9293975830078,23.725576400756836,94.70844268798828
2016-08-11,147.74000549316406,34.78840637207031,29.356380462646484,185.78758239746094,23.862321853637695,95.18373107910156
2016-08-12,147.72000122070312,34.67402267456055,29.47936248779297,185.6261749267578,23.801794052124023,95.09034729003906
2016-08-15,147.77999877929688,35.02479934692383,29.811870574951172,186.16148376464844,23.878013610839844,95.4383316040039
2016-08-16,147.24000549316406,34.834163665771484,29.638784408569336,185.2012939453125,23.71213150024414,94.89515686035156
2016-08-17,149.0800018310547,34.66639709472656,29.57501220703125,185.5496826171875,23.777141571044922,95.01396942138672
2016-08-18,148.80999755859375,34.96379470825195,29.80276107788086,185.9660186767578,23.743515014648438,95.31103515625
2016-08-19,148.75,34.765533447265625,29.957624435424805,185.69412231445312,23.772655487060547,95.17523956298828
2016-08-22,148.4499969482422,34.2927360534668,29.966739654541016,185.68563842773438,23.75920867919922,95.20069885253906
2016-08-23,148.77000427246094,34.17073440551758,30.11249542236328,186.05950927734375,23.862321853637695,95.45528411865234
2016-08-24,148.41000366210938,34.262229919433594,29.875638961791992,185.1078643798828,23.66954231262207,94.9206314086914
2016-08-25,148.63999938964844,34.27748489379883,29.975847244262695,184.98040771484375,23.635915756225586,94.86119842529297
2016-08-26,147.91000366210938,34.02583312988281,30.10338020324707,184.63204956054688,23.644882202148438,94.66600036621094
2016-08-29,149.3000030517578,34.262229919433594,30.208147048950195,185.54116821289062,23.70316505432129,95.18373107910156
2016-08-30,150.22999572753906,34.22410202026367,30.158042907714844,185.2352752685547,23.617979049682617,95.03093719482422
2016-08-31,150.49000549316406,33.86569595336914,30.158042907714844,184.70851135253906,23.595569610595703,94.75933074951172
2016-09-01,150.35000610351562,34.132591247558594,30.43589210510254,184.7169952392578,23.617979049682617,94.81027221679688
2016-09-02,150.72000122070312,34.590145111083984,30.4085636138916,185.5496826171875,23.739030838012695,95.2940673828125
2016-09-06,150.42999267578125,35.29932403564453,30.404006958007812,186.11048889160156,23.777141571044922,95.56562042236328
2016-09-07,149.5800018310547,35.24595642089844,30.20359230041504,186.09352111816406,23.79730796813965,95.69296264648438
2016-09-08,149.77999877929688,35.116302490234375,30.144380569458008,185.6686553955078,23.68074607849121,95.44683074951172
2016-09-09,146.6199951171875,34.010581970214844,29.05120277404785,181.22467041015625,23.08222770690918,93.0704116821289
2016-09-12,148.97000122070312,34.2927360534668,29.64789390563965,183.82476806640625,23.420717239379883,94.36894226074219
2016-09-13,146.22999572753906,33.43865966796875,29.324493408203125,181.18222045898438,23.198787689208984,92.89263916015625
2016-09-14,145.77999877929688,33.568294525146484,29.570457458496094,181.11424255371094,23.185340881347656,92.90118408203125
2016-09-15,146.66000366210938,34.14021682739258,30.30379867553711,182.9241180419922,23.467796325683594,93.85636901855469
2016-09-16,145.00999450683594,33.934329986572266,30.317462921142578,182.2169952392578,23.416942596435547,93.48113250732422
2016-09-19,145.24000549316406,34.16310119628906,30.422225952148438,182.2511749267578,23.41244888305664,93.61759185791016
2016-09-20,144.9199981689453,34.17835235595703,30.3083553314209,182.25970458984375,23.461944580078125,93.57493591308594
2016-09-21,146.4600067138672,35.116302490234375,30.727407455444336,184.30931091308594,23.66893196105957,94.6495361328125
2016-09-22,146.52999877929688,35.306949615478516,30.8731632232666,185.47067260742188,23.851177215576172,95.34033203125
2016-09-23,145.0,34.84941482543945,30.513322830200195,184.4544677734375,23.7161808013916,94.79450988769531
2016-09-26,144.17999267578125,34.40711975097656,30.230918884277344,182.95994567871094,23.500192642211914,94.04399871826172
2016-09-27,145.33999633789062,34.89516067504883,30.727407455444336,184.09576416015625,23.671184539794922,94.5813217163086
2016-09-28,145.27999877929688,35.200199127197266,30.76840591430664,185.00958251953125,23.75893211364746,95.13563537597656
2016-09-29,143.58999633789062,34.590145111083984,31.14645767211914,183.33570861816406,23.52944564819336,94.20606231689453
2016-09-30,144.47000122070312,34.780784606933594,31.642948150634766,184.71914672851562,23.675682067871094,94.94804382324219
2016-10-03,143.75999450683594,34.986671447753906,31.396982192993164,184.27513122558594,23.621686935424805,94.65804290771484
2016-10-04,143.1699981689453,34.62826919555664,31.2648868560791,183.33570861816406,23.51144027709961,94.23162841796875
2016-10-05,144.14999389648438,35.146812438964844,31.506290435791016,184.14703369140625,23.5496883392334,94.5983657836914
2016-10-06,143.8699951171875,35.12392807006836,31.688495635986328,184.27513122558594,23.578941345214844,94.63247680664062
2016-10-07,144.52000427246094,34.96379470825195,31.711265563964844,183.64315795898438,23.509191513061523,94.27429962158203
2016-10-10,145.1999969482422,35.27643966674805,31.61106300354004,184.59963989257812,23.599180221557617,94.7859878540039
2016-10-11,143.9499969482422,34.49100112915039,30.959712982177734,182.2682342529297,23.302202224731445,93.52374267578125
2016-10-12,144.91000366210938,34.46050262451172,30.959712982177734,182.50735473632812,23.367443084716797,93.63465118408203
2016-10-13,143.22000122070312,34.16310119628906,30.604419708251953,181.90951538085938,23.257200241088867,93.3020248413086
2016-10-14,144.17999267578125,34.19361114501953,30.80028533935547,182.00350952148438,23.306703567504883,93.27644348144531
2016-10-17,143.8000030517578,34.16310119628906,30.672748565673828,181.37158203125,23.200950622558594,93.01206970214844
2016-10-18,144.3000030517578,34.78840637207031,31.018924713134766,182.50735473632812,23.3719425201416,93.55787658691406
2016-10-19,144.86000061035156,34.96379470825195,30.7000789642334,182.99407958984375,23.403446197509766,93.85636901855469
2016-10-20,144.49000549316406,34.86465835571289,30.96881866455078,182.65248107910156,23.369699478149414,93.67728424072266
2016-10-21,143.60000610351562,34.84178924560547,30.927825927734375,182.73794555664062,23.437191009521484,93.64317321777344
2016-10-24,143.8300018310547,35.00191879272461,31.324098587036133,183.51512145996094,23.614933013916016,94.11222076416016
2016-10-25,143.4199981689453,35.00191879272461,31.23756217956543,182.90020751953125,23.479938507080078,93.71139526367188
2016-10-26,143.94000244140625,34.65114212036133,31.14645767211914,182.532958984375,23.365196228027344,93.429931640625
2016-10-27,144.4499969482422,34.36899185180664,31.05535888671875,182.0462188720703,23.25045394897461,93.1143798828125
2016-10-28,144.0,34.231727600097656,30.877721786499023,181.5081787109375,23.187458038330078,92.80735778808594
2016-10-31,144.3000030517578,34.42237091064453,31.096355438232422,181.5167694091797,23.169462203979492,92.86705780029297
2016-11-01,143.6300048828125,34.132591247558594,30.809396743774414,180.20156860351562,22.96696662902832,92.1762466430664
2016-11-02,143.19000244140625,33.74369430541992,30.618087768554688,179.11700439453125,22.825214385986328,91.53662872314453
2016-11-03,143.63999938964844,33.6445426940918,30.49055290222168,178.29714965820312,22.70147705078125,91.13578033447266
2016-11-04,142.9499969482422,33.316646575927734,30.331127166748047,178.10076904296875,22.656478881835938,91.07609558105469
2016-11-07,146.91000366210938,34.44524383544922,31.24210548400879,182.0291290283203,23.173954010009766,93.08880615234375
2016-11-08,147.7899932861328,34.66639709472656,31.296775817871094,182.84898376464844,23.284202575683594,93.4896469116211
2016-11-09,151.27999877929688,33.606422424316406,31.0462589263916,184.78758239746094,23.403446197509766,94.6495361328125
2016-11-10,156.05999755859375,32.69896697998047,30.4677791595459,185.24867248535156,23.2257022857666,94.98216247558594
2016-11-11,156.9199981689453,32.08129119873047,31.228445053100586,184.82167053222656,23.245954513549805,95.01631164550781
2016-11-14,157.92999267578125,31.822004318237305,30.891386032104492,184.9668426513672,23.07721519470215,95.26358795166016
2016-11-15,157.4600067138672,32.493072509765625,31.406089782714844,186.4101104736328,23.270706176757812,96.00556182861328
2016-11-16,157.0800018310547,32.24142837524414,31.652050018310547,186.05990600585938,23.344945907592773,95.86912536621094
2016-11-17,158.38999938964844,32.28717803955078,31.852468490600586,187.0164794921875,23.475444793701172,96.355224609375
2016-11-18,157.75,32.165164947509766,32.03466796875,186.5979461669922,23.401195526123047,96.1761245727539
2016-11-21,158.7100067138672,32.439701080322266,32.24418640136719,188.00709533691406,23.61043930053711,96.90105438232422
2016-11-22,158.66000366210938,32.84385299682617,32.61769485473633,188.3743133544922,23.662185668945312,97.18250274658203
2016-11-23,158.11000061035156,32.523582458496094,32.567596435546875,188.47674560546875,23.621686935424805,97.31896209716797
2016-11-25,158.17999267578125,32.66083526611328,32.66324996948242,189.17706298828125,23.702686309814453,97.69422912597656
2016-11-28,156.97000122070312,32.836219787597656,32.58125686645508,188.28897094726562,23.60593605041504,97.13134765625
2016-11-29,157.67999267578125,32.88961410522461,32.458274841308594,188.65614318847656,23.657684326171875,97.26778411865234
2016-11-30,157.44000244140625,32.996368408203125,32.36717224121094,188.2035369873047,23.464187622070312,97.03752136230469
2016-12-01,160.1199951171875,32.615081787109375,30.82762336730957,187.5117950439453,23.209957122802734,96.6366958618164
2016-12-02,159.38999938964844,32.57695770263672,31.324098587036133,187.605712890625,23.254953384399414,96.6366958618164
2016-12-05,160.2100067138672,32.8286018371582,31.638389587402344,188.73301696777344,23.407947540283203,97.31043243408203
2016-12-06,161.33999633789062,32.981117248535156,31.984561920166016,189.33074951171875,23.452943801879883,97.8050765991211
2016-12-07,164.69000244140625,33.499664306640625,32.62224578857422,191.807373046875,23.763425827026367,99.01612854003906
2016-12-08,164.11000061035156,33.62929153442383,32.818115234375,192.2770233154297,23.781431198120117,99.37431335449219
2016-12-09,164.86000061035156,33.49203872680664,32.64957809448242,193.4385223388672,23.95241928100586,99.91161346435547
2016-12-12,166.1199951171875,33.263267517089844,32.51293182373047,193.21644592285156,23.90292739868164,99.65576934814453
2016-12-13,166.6199951171875,33.62167739868164,33.09140396118164,194.5059814453125,24.103158950805664,100.23573303222656
2016-12-14,165.05999755859375,32.676090240478516,32.736114501953125,192.90048217773438,23.995168685913086,99.33170318603516
2016-12-15,165.72999572753906,32.78284454345703,33.25994110107422,193.69468688964844,24.053668975830078,99.7410659790039
2016-12-16,164.75999450683594,32.64558792114258,32.83176803588867,193.31581115722656,23.93612289428711,99.58753967285156
2016-12-19,165.35000610351562,32.424434661865234,33.23859405517578,193.73683166503906,24.07174301147461,99.86898803710938
2016-12-20,166.36000061035156,32.493072509765625,33.28909683227539,194.48414611816406,24.153127670288086,100.29550170898438
2016-12-21,165.9499969482422,32.36626434326172,33.2569580078125,193.94296264648438,24.094348907470703,100.01229858398438
2016-12-22,166.02999877929688,32.026058197021484,33.426849365234375,193.60797119140625,24.012983322143555,99.75483703613281
2016-12-23,165.32000732421875,32.18069076538086,33.58296585083008,193.89141845703125,24.053668975830078,99.9093246459961
2016-12-27,164.9499969482422,32.288944244384766,33.86764144897461,194.37246704101562,24.137298583984375,100.1581802368164
2016-12-28,163.75,32.497711181640625,33.307464599609375,192.7660675048828,23.92029571533203,99.32575225830078
2016-12-29,163.0500030517578,33.008026123046875,33.316650390625,192.72314453125,23.958724975585938,99.33433532714844
2016-12-30,162.97999572753906,32.82245635986328,32.89421844482422,192.01873779296875,23.809528350830078,98.96530151367188
2017-01-03,163.8300018310547,33.17812728881836,32.94931411743164,193.48765563964844,23.967769622802734,99.72051239013672
2017-01-04,164.0800018310547,33.47195053100586,33.054927825927734,194.63877868652344,24.103397369384766,100.4842758178711
2017-01-05,163.3000030517578,33.85854721069336,32.862083435058594,194.48414611816406,24.157649993896484,100.28690338134766
2017-01-06,163.41000366210938,33.70390319824219,33.03197479248047,195.1799774169922,24.33396339416504,100.60445404052734
2017-01-09,162.02000427246094,33.626583099365234,33.41306686401367,194.5357208251953,24.279708862304688,100.21824645996094
2017-01-10,161.47000122070312,33.85854721069336,33.5416374206543,194.5357208251953,24.291013717651367,100.29550170898438
2017-01-11,162.22999572753906,34.19102478027344,33.6839714050293,195.08547973632812,24.309101104736328,100.61300659179688
2017-01-12,161.41000366210938,34.353397369384766,33.123802185058594,194.5958251953125,24.30457878112793,100.34699249267578
2017-01-13,161.89999389648438,34.345664978027344,33.61510467529297,195.0425262451172,24.352052688598633,100.5958480834961
2017-01-17,159.63999938964844,34.33793258666992,33.22022247314453,194.35528564453125,24.29779624938965,100.14960479736328
2017-01-18,160.49000549316406,34.18328857421875,33.807952880859375,194.78480529785156,24.3565616607666,100.38133239746094
2017-01-19,159.41000366210938,34.04410934448242,33.550819396972656,194.06321716308594,24.309101104736328,99.98657989501953
2017-01-20,160.2100067138672,34.16008758544922,33.87223815917969,194.77622985839844,24.390478134155273,100.32982635498047
2017-01-23,158.80999755859375,34.6704216003418,33.57377624511719,194.2694549560547,24.36334800720215,100.06378936767578
2017-01-24,160.72000122070312,34.87144470214844,34.230369567871094,195.51502990722656,24.494461059570312,100.84473419189453
2017-01-25,164.25,35.19618225097656,34.65280532836914,197.207275390625,24.65494728088379,101.71149444580078
2017-01-26,164.9199981689453,35.049278259277344,34.38648986816406,197.00111389160156,24.661727905273438,101.56560516357422
2017-01-27,164.39999389648438,35.04154586791992,34.8272819519043,196.69183349609375,24.68659210205078,101.40254974365234
2017-01-30,164.8000030517578,34.89463806152344,34.661983489990234,195.4720916748047,24.514806747436523,100.71600341796875
2017-01-31,164.13999938964844,34.97969436645508,34.17987060546875,195.4549102783203,24.498973846435547,100.80182647705078
2017-02-01,163.61000061035156,35.026084899902344,34.52882766723633,195.5321502685547,24.562273025512695,100.79324340820312
2017-02-02,163.0,35.180721282958984,34.56555938720703,195.66098022460938,24.55548858642578,100.86189270019531
2017-02-03,163.94000244140625,35.39722442626953,34.71708297729492,197.00970458984375,24.68207550048828,101.62567138671875
2017-02-06,163.4199981689453,35.33536911010742,34.67576217651367,196.65750122070312,24.68886375427246,101.38539123535156
2017-02-07,162.92999267578125,35.16526412963867,34.82269287109375,196.6660919189453,24.715984344482422,101.37681579589844
2017-02-08,162.8699951171875,35.41268539428711,34.85942459106445,196.92379760742188,24.77701759338379,101.48836517333984
2017-02-09,164.0399932861328,35.55959701538086,34.5563850402832,198.09210205078125,24.892305374145508,102.15774536132812
2017-02-10,164.00999450683594,35.82248306274414,34.59310531616211,198.87380981445312,24.98272132873535,102.58684539794922
2017-02-13,165.85000610351562,35.96939468383789,35.04767990112305,199.9561767578125,25.107040405273438,103.10175323486328
2017-02-14,166.9499969482422,35.98485565185547,34.77677536010742,200.7550506591797,25.18842315673828,103.4793472290039
2017-02-15,167.27999877929688,36.28640365600586,35.134918212890625,201.80311584472656,25.312746047973633,104.04576110839844
2017-02-16,167.74000549316406,36.1472282409668,35.26808166503906,201.6312713623047,25.29918670654297,103.95136260986328
2017-02-17,168.57000732421875,36.00033187866211,35.396644592285156,201.9490966796875,25.339872360229492,104.10581970214844
2017-02-21,168.9199981689453,36.379188537597656,35.73182678222656,203.15171813964844,25.466461181640625,104.72371673583984
2017-02-22,169.61000061035156,36.47197341918945,35.575714111328125,202.97132873535156,25.47776222229004,104.58641052246094
2017-02-23,170.14999389648438,36.51063537597656,35.18083953857422,203.1088409423828,25.450639724731445,104.50914764404297
2017-02-24,170.22000122070312,36.1240348815918,35.231346130371094,203.3665008544922,25.49810791015625,104.68079376220703
2017-02-27,170.6300048828125,35.97711944580078,35.4012336730957,203.6843719482422,25.56591796875,104.91253662109375
2017-02-28,171.4199981689453,35.691043853759766,35.07522964477539,203.13453674316406,25.491321563720703,104.52633666992188
2017-03-01,177.27999877929688,36.2168083190918,35.48387908935547,205.97792053222656,25.801008224487305,105.9337387084961
2017-03-02,175.88999938964844,35.605979919433594,35.17165756225586,204.68077087402344,25.674423217773438,105.25577545166016
2017-03-03,175.67999267578125,35.86113739013672,35.29562759399414,204.8096923828125,25.70154571533203,105.34159088134766
2017-03-06,175.39999389648438,35.86887741088867,35.30940246582031,204.19981384277344,25.66538429260254,104.9296646118164
2017-03-07,175.3000030517578,35.93073654174805,35.396644592285156,203.58984375,25.613388061523438,104.59497833251953
2017-03-08,174.97000122070312,35.613712310791016,35.43336868286133,203.2119140625,25.579483032226562,104.30320739746094
2017-03-09,175.3699951171875,35.31990432739258,35.447147369384766,203.4696044921875,25.604347229003906,104.35467529296875
2017-03-10,174.97999572753906,35.68330764770508,35.78233337402344,204.1826171875,25.70606803894043,104.73228454589844
2017-03-13,175.38999938964844,36.15495681762695,35.95682144165039,204.28567504882812,25.724153518676758,104.80952453613281
2017-03-14,174.72999572753906,35.96939468383789,35.828250885009766,203.50396728515625,25.667648315429688,104.43193054199219
2017-03-15,174.6699981689453,36.87403869628906,36.15425491333008,205.26495361328125,25.86430549621582,105.37593078613281
2017-03-16,174.0800018310547,37.08279800415039,36.18180847167969,204.8611602783203,25.823610305786133,105.24718475341797
2017-03-17,172.82000732421875,37.075077056884766,36.27823257446289,204.50144958496094,25.870342254638672,105.1871337890625
2017-03-20,172.07000732421875,37.48487091064453,36.50780487060547,204.27706909179688,25.84539031982422,104.93827819824219
2017-03-21,169.47000122070312,37.028682708740234,35.80988311767578,201.65431213378906,25.566381454467773,103.47077178955078
2017-03-22,169.3000030517578,37.22971725463867,36.158843994140625,202.12881469726562,25.648038864135742,103.60809326171875
2017-03-23,169.88999938964844,37.25291061401367,36.04865264892578,201.91314697265625,25.595870971679688,103.57374572753906
2017-03-24,168.66000366210938,37.33796691894531,36.33333206176758,201.76644897460938,25.5709171295166,103.5840835571289
2017-03-27,167.44000244140625,37.24517822265625,36.498626708984375,201.55941772460938,25.5709171295166,103.46338653564453
2017-03-28,168.30999755859375,37.307029724121094,36.567501068115234,203.02610778808594,25.74558448791504,104.18751525878906
2017-03-29,166.58999633789062,37.39982223510742,36.420570373535156,203.21592712402344,25.79776382446289,104.37715911865234
2017-03-30,167.36000061035156,37.19878387451172,36.60422897338867,203.86302185058594,25.80682373046875,104.76510620117188
2017-03-31,166.67999267578125,36.95136260986328,36.59964370727539,203.38848876953125,25.7932186126709,104.58407592773438
2017-04-03,166.8699951171875,37.19105529785156,36.51240158081055,203.0347442626953,25.78414535522461,104.32546997070312
2017-04-04,166.86000061035156,37.22197723388672,36.38383865356445,203.1641387939453,25.77507209777832,104.37715911865234
2017-04-05,165.8300018310547,37.09053039550781,36.168025970458984,202.56024169921875,25.722896575927734,103.95478057861328
2017-04-06,166.47000122070312,37.05960464477539,36.18639373779297,203.12966918945312,25.768272399902344,104.2823486328125
2017-04-07,166.1699981689453,37.00548553466797,36.3287353515625,202.9225616455078,25.781883239746094,104.20475769042969
2017-04-10,166.35000610351562,36.82764434814453,36.007328033447266,203.0433807373047,25.754653930664062,104.33406066894531
2017-04-11,165.6999969482422,36.78125762939453,35.73642349243164,202.80178833007812,25.7070255279541,104.29960632324219
2017-04-12,165.11000061035156,36.95136260986328,35.272674560546875,201.91314697265625,25.6253604888916,103.76510620117188
2017-04-13,162.89999389648438,36.83536911010742,35.010948181152344,200.6017608642578,25.550514221191406,103.05824279785156
2017-04-17,164.35000610351562,37.15239334106445,35.39205551147461,202.3790283203125,25.731971740722656,103.95478057861328
2017-04-18,163.69000244140625,36.71940231323242,35.534385681152344,201.77508544921875,25.661657333374023,103.7306900024414
2017-04-19,162.75999450683594,36.51836395263672,35.727237701416016,201.40411376953125,25.65031623840332,103.6444320678711
2017-04-20,164.97999572753906,36.95909118652344,36.24150085449219,203.0433807373047,25.856733322143555,104.49785614013672
2017-04-21,163.41000366210938,36.95909118652344,36.09456253051758,202.3963165283203,25.824970245361328,104.16167449951172
2017-04-24,165.77999877929688,37.40755081176758,36.61800765991211,204.62220764160156,26.09944725036621,105.2651138305664
2017-04-25,167.52999877929688,37.77095031738281,36.98533630371094,205.81285095214844,26.271835327148438,105.92024230957031
2017-04-26,167.6300048828125,37.60084915161133,36.70524978637695,205.6834259033203,26.228734970092773,105.94612884521484
2017-04-27,166.5500030517578,37.57766342163086,37.19655227661133,205.8560028076172,26.292255401611328,106.049560546875
2017-04-28,165.2100067138672,37.65497970581055,36.59504699707031,205.4073486328125,26.294519424438477,105.69612884521484
2017-05-01,165.44000244140625,37.83280944824219,36.97615051269531,205.92501831054688,26.39205551147461,105.97196197509766
2017-05-02,166.0500030517578,38.06476974487305,36.778717041015625,206.00259399414062,26.432886123657227,105.97196197509766
2017-05-03,166.72999572753906,37.80961227416992,36.98992919921875,205.75241088867188,26.380718231201172,105.71336364746094
2017-05-04,166.33999633789062,37.49260330200195,36.95319366455078,205.99403381347656,26.405672073364258,105.79093933105469
2017-05-05,166.5500030517578,37.778690338134766,37.100128173828125,206.8050079345703,26.516815185546875,106.31678771972656
2017-05-08,165.02000427246094,37.778690338134766,37.00828552246094,206.77053833007812,26.544034957885742,106.15300750732422
2017-05-09,163.4600067138672,38.165283203125,37.380210876464844,206.58067321777344,26.555381774902344,106.11851501464844
2017-05-10,163.72000122070312,38.3895149230957,37.853145599365234,206.9517059326172,26.5916748046875,106.3512954711914
2017-05-11,163.27000427246094,38.466827392578125,37.93579864501953,206.52891540527344,26.57126235961914,106.04093170166016
2017-05-12,163.32000732421875,38.6214714050293,38.041404724121094,206.183837890625,26.546302795410156,105.83407592773438
2017-05-15,163.8000030517578,38.969417572021484,38.46383285522461,207.32264709472656,26.67786979675293,106.40300750732422
2017-05-16,163.61000061035156,39.0235481262207,38.9229850769043,207.13287353515625,26.684673309326172,106.3426742553711
2017-05-17,161.25999450683594,38.381778717041016,37.45827102661133,203.45755004882812,26.18110466003418,104.42890167236328
2017-05-18,161.6199951171875,37.763221740722656,38.01385498046875,204.27706909179688,26.34669303894043,104.73926544189453
2017-05-19,163.24000549316406,38.536407470703125,38.45465087890625,205.60577392578125,26.51908302307129,105.4892349243164
2017-05-22,165.1300048828125,38.58281707763672,38.82197570800781,206.6497344970703,26.67559814453125,106.049560546875
2017-05-23,165.47999572753906,38.551883697509766,38.73933029174805,207.1069793701172,26.714162826538086,106.23060607910156
2017-05-24,164.92999267578125,38.7065315246582,38.90922164916992,207.59017944335938,26.82304573059082,106.54092407226562
2017-05-25,165.3000030517578,38.87662887573242,39.17552947998047,208.5823211669922,26.986366271972656,106.98920440673828
2017-05-26,165.69000244140625,39.00035095214844,39.248992919921875,208.53919982910156,26.997703552246094,106.97196197509766
2017-05-30,165.11000061035156,38.861167907714844,39.529083251953125,208.35800170898438,27.029464721679688,106.7995376586914
2017-05-31,165.27999877929688,38.536407470703125,39.48316955566406,208.30624389648438,27.074827194213867,106.76507568359375
2017-06-01,166.66000366210938,38.87662887573242,39.556636810302734,209.96273803710938,27.21546745300293,107.75640869140625
2017-06-02,166.2899932861328,39.08540725708008,39.86426544189453,210.6615753173828,27.39012908935547,108.10985565185547
2017-06-05,166.52000427246094,39.069942474365234,39.969879150390625,210.5063018798828,27.371976852416992,107.97195434570312
2017-06-06,166.1300048828125,39.069942474365234,40.06170654296875,209.83334350585938,27.26763343811035,107.69606018066406
2017-06-07,166.5,39.008087158203125,40.360164642333984,210.22154235839844,27.328886032104492,107.81675720214844
2017-06-08,166.94000244140625,39.26322937011719,40.892784118652344,210.32510375976562,27.306194305419922,108.00642395019531
2017-06-09,170.0,38.969417572021484,39.34541702270508,210.00592041015625,27.036264419555664,107.92022705078125
2017-06-12,170.5,38.76065444946289,39.106651306152344,209.96273803710938,26.909236907958984,107.90296936035156
2017-06-13,171.47000122070312,38.9616813659668,39.35919189453125,210.9893798828125,27.117918014526367,108.43743133544922
2017-06-14,171.4499969482422,38.9616813659668,39.01941680908203,210.7219696044922,27.074827194213867,108.28227233886719
2017-06-15,170.5500030517578,38.52869415283203,38.66127014160156,210.31646728515625,27.031723022460938,108.04092407226562
2017-06-16,170.47999572753906,38.6214714050293,38.63831329345703,210.3624267578125,27.08432960510254,107.97195434570312
2017-06-19,171.5500030517578,38.969417572021484,39.32245635986328,212.11376953125,27.29608726501465,108.85123443603516
2017-06-20,170.5500030517578,38.534080505371094,38.83115768432617,210.6831817626953,27.152631759643555,108.10985565185547
2017-06-21,169.6199951171875,38.68204879760742,39.276546478271484,210.63121032714844,27.23004913330078,107.98428344726562
2017-06-22,168.32000732421875,38.830013275146484,39.17552947998047,210.5358123779297,27.239160537719727,108.02760314941406
2017-06-23,167.22000122070312,39.03249740600586,39.33623504638672,210.78726196289062,27.353012084960938,108.29608917236328
2017-06-26,167.49000549316406,39.351802825927734,39.18471145629883,210.92596435546875,27.261932373046875,108.37401580810547
2017-06-27,167.35000610351562,38.91568374633789,38.06436538696289,209.22674560546875,26.988697052001953,107.48199462890625
2017-06-28,169.88999938964844,39.21161651611328,38.615352630615234,211.09934997558594,27.223222732543945,108.49525451660156
2017-06-29,169.3000030517578,38.74434280395508,37.74753952026367,209.24404907226562,26.865734100341797,107.62922668457031
2017-06-30,169.3699951171875,38.970191955566406,37.58683776855469,209.63418579101562,26.922657012939453,107.77643585205078
2017-07-03,171.8000030517578,39.14152526855469,37.15522384643555,209.98963928222656,26.940876007080078,108.0362548828125
2017-07-05,171.85000610351562,39.063655853271484,37.862327575683594,210.4751739501953,26.984140396118164,108.15747833251953
2017-07-06,170.1999969482422,38.59638214111328,37.701629638671875,208.55044555664062,26.724567413330078,107.09229278564453
2017-07-07,171.13999938964844,38.7287712097168,38.206695556640625,209.90292358398438,26.970483779907227,107.83708953857422
2017-07-10,170.25,39.02471160888672,38.60157012939453,210.12841796875,27.041065216064453,107.91499328613281
2017-07-11,169.24000549316406,39.33622360229492,38.90922164916992,209.97230529785156,27.029680252075195,107.88902282714844
2017-07-12,169.9199981689453,40.0838508605957,39.469390869140625,211.55018615722656,27.30746078491211,108.65977478027344
2017-07-13,169.69000244140625,40.23960494995117,39.377559661865234,211.9055938720703,27.366670608520508,108.8329849243164
2017-07-14,169.47000122070312,40.72245788574219,39.86426544189453,212.89398193359375,27.52606201171875,109.31796264648438
2017-07-17,170.16000366210938,40.535545349121094,39.75407409667969,212.86802673339844,27.530609130859375,109.31796264648438
2017-07-18,170.30999755859375,40.67572021484375,39.90559387207031,212.980712890625,27.612581253051758,109.38726043701172
2017-07-19,171.1999969482422,41.00281524658203,40.300472259521484,214.1337432861328,27.767412185668945,110.01946258544922
2017-07-20,171.3300018310547,40.987239837646484,40.3877067565918,214.22914123535156,27.758298873901367,110.08873748779297
2017-07-21,171.33999633789062,40.93272018432617,40.1627197265625,214.03839111328125,27.76512908935547,109.94152069091797
2017-07-24,171.3699951171875,41.08069610595703,40.03416061401367,213.9863739013672,27.76512908935547,109.95016479492188
2017-07-25,172.94000244140625,40.979454040527344,39.9239501953125,214.506591796875,27.785627365112305,110.31388854980469
2017-07-26,173.02000427246094,41.29875564575195,40.34638595581055,214.5152130126953,27.817506790161133,110.23595428466797
2017-07-27,173.0500030517578,41.08069610595703,39.836727142333984,214.31588745117188,27.70821189880371,110.04541778564453
2017-07-28,174.0,41.08069610595703,39.648468017578125,214.06442260742188,27.699108123779297,109.8635482788086
2017-07-31,174.97000122070312,41.111846923828125,39.41428756713867,213.94302368164062,27.626239776611328,109.80293273925781
2017-08-01,176.2899932861328,41.314327239990234,39.58418655395508,214.4198760986328,27.696823120117188,110.02812194824219
2017-08-02,177.85000610351562,41.322113037109375,39.36837387084961,214.52391052246094,27.721872329711914,109.92417907714844
2017-08-03,178.99000549316406,41.111846923828125,39.23063278198242,214.1077117919922,27.626239776611328,109.67306518554688
2017-08-04,179.9199981689453,41.275390625,39.34541702270508,214.4979248046875,27.719594955444336,109.9068603515625
2017-08-07,178.0399932861328,41.563541412353516,40.03874969482422,214.89671325683594,27.79701805114746,110.12337493896484
2017-08-08,176.42999267578125,41.54018020629883,39.91936492919922,214.36782836914062,27.68771743774414,109.82027435302734
2017-08-09,178.05999755859375,41.150779724121094,39.84131622314453,214.35916137695312,27.735530853271484,109.69902801513672
2017-08-10,176.36000061035156,40.15393829345703,38.74851608276367,211.33348083496094,27.298351287841797,108.08822631835938
2017-08-11,175.33999633789062,40.27854537963867,39.106651306152344,211.6455841064453,27.40082550048828,108.28739929199219
2017-08-14,177.2899932861328,40.68351364135742,39.87804412841797,213.74362182617188,27.719594955444336,109.39588928222656
2017-08-15,177.47000122070312,40.714664459228516,40.02497482299805,213.7175750732422,27.733257293701172,109.29199981689453
2017-08-16,178.5399932861328,41.111846923828125,40.107627868652344,214.0904541015625,27.79928970336914,109.49116516113281
2017-08-17,177.16000366210938,40.628997802734375,39.15715789794922,210.75259399414062,27.341623306274414,107.7504653930664
2017-08-18,177.55999755859375,40.95608901977539,39.24440383911133,210.42315673828125,27.29608726501465,107.56858825683594
2017-08-21,178.33999633789062,41.08848571777344,39.09747314453125,210.58782958984375,27.34389877319336,107.72449493408203
2017-08-22,180.4499969482422,41.509029388427734,39.62091827392578,212.7899932861328,27.660396575927734,108.80699920654297
2017-08-23,179.97999572753906,41.71151351928711,39.70356369018555,212.02700805664062,27.562484741210938,108.47792053222656
2017-08-24,178.42999267578125,41.82053756713867,39.698974609375,211.53286743164062,27.507841110229492,108.30473327636719
2017-08-25,179.60000610351562,42.07753372192383,39.57499694824219,212.02700805664062,27.512392044067383,108.56452178955078
2017-08-28,178.6999969482422,41.968505859375,39.68979263305664,212.0356903076172,27.562484741210938,108.6078109741211
2017-08-29,178.6199951171875,41.86725997924805,39.799983978271484,212.27845764160156,27.644460678100586,108.65113830566406
2017-08-30,180.35000610351562,41.960716247558594,40.355567932128906,213.28416442871094,27.806123733520508,109.22270202636719
2017-08-31,181.16000366210938,42.06195068359375,40.67238998413086,214.56732177734375,28.017868041992188,109.96748352050781
2017-09-01,180.72999572753906,42.35788345336914,40.86524200439453,214.87069702148438,28.042926788330078,110.21863555908203
2017-09-05,176.97999572753906,41.85169219970703,40.34638595581055,213.32748413085938,27.867595672607422,109.36994171142578
2017-09-06,176.7899932861328,42.124263763427734,40.48872375488281,214.05572509765625,27.942733764648438,109.67306518554688
2017-09-07,173.99000549316406,42.42020034790039,40.644832611083984,214.02972412109375,28.038372039794922,109.62106323242188
2017-09-08,175.5,42.155418395996094,40.204044342041016,213.77830505371094,27.940460205078125,109.54313659667969
2017-09-11,177.8699951171875,42.716129302978516,40.934104919433594,216.0584716796875,28.215970993041992,110.72095489501953
2017-09-12,178.6300048828125,42.67719650268555,41.09022903442383,216.78672790527344,28.247846603393555,111.14529418945312
2017-09-13,178.9199981689453,42.45913314819336,41.09941101074219,216.89076232910156,28.268339157104492,111.19723510742188
2017-09-14,178.57000732421875,42.56816482543945,41.27848815917969,216.82135009765625,28.22052764892578,111.16259765625
2017-09-15,179.88999938964844,42.8173713684082,41.82487869262695,217.11328125,28.23835563659668,111.37047576904297
2017-09-18,181.47000122070312,42.94976806640625,42.408016204833984,217.5750274658203,28.270355224609375,111.638916015625
2017-09-19,183.00999450683594,43.027645111083984,42.518211364746094,217.7928924560547,28.272640228271484,111.69087219238281
2017-09-20,183.82000732421875,42.8563117980957,41.95344543457031,217.87127685546875,28.281780242919922,111.87268829345703
2017-09-21,183.16000366210938,42.864097595214844,41.87538528442383,217.28753662109375,28.167495727539062,111.56096649169922
2017-09-22,181.86000061035156,42.60710144042969,42.0452766418457,217.33108520507812,28.160642623901367,111.6505355834961
2017-09-25,182.52000427246094,41.83610916137695,41.20042419433594,216.88673400878906,27.986936569213867,111.46788024902344
2017-09-26,181.86000061035156,41.76602554321289,41.25093460083008,217.01744079589844,28.01893424987793,111.49401092529297
2017-09-27,183.27000427246094,41.6180534362793,42.18302917480469,217.86257934570312,28.172069549560547,112.10279846191406
2017-09-28,183.2100067138672,41.571327209472656,42.45392990112305,218.12388610839844,28.204065322875977,112.28547668457031
2017-09-29,183.32000732421875,42.06975555419922,42.84880828857422,218.8907012939453,28.322914123535156,112.65076446533203
2017-10-02,185.41000366210938,42.08531951904297,43.133487701416016,219.8404083251953,28.39377784729004,113.24219512939453
2017-10-03,185.6699981689453,42.708343505859375,43.27582550048828,220.31082153320312,28.460054397583008,113.46831512451172
2017-10-04,185.8300018310547,42.708343505859375,43.340110778808594,220.57223510742188,28.494333267211914,113.5813980102539
2017-10-05,187.1199951171875,43.01206970214844,43.38602066040039,221.879150390625,28.684038162231445,114.18153381347656
2017-10-06,187.42999267578125,42.801795959472656,43.560508728027344,221.62648010253906,28.702329635620117,114.10325622558594
2017-10-09,187.5,42.76285934448242,43.87732696533203,221.2605438232422,28.684038162231445,113.87712860107422
2017-10-10,188.0,43.18339920043945,44.10231399536133,221.84432983398438,28.7137508392334,114.14671325683594
2017-10-11,187.4600067138672,43.362518310546875,44.414546966552734,222.19277954101562,28.805166244506836,114.30326843261719
2017-10-12,186.3000030517578,43.354736328125,44.32271194458008,221.86170959472656,28.812028884887695,114.16416931152344
2017-10-13,187.3699951171875,43.74412155151367,44.62575912475586,222.13185119628906,28.86688995361328,114.25109100341797
2017-10-16,187.9600067138672,43.7051887512207,44.86451721191406,222.42807006835938,28.926321029663086,114.32938385009766
2017-10-17,187.38999938964844,43.50270462036133,44.855342864990234,222.58489990234375,28.97201919555664,114.38159942626953
2017-10-18,187.85000610351562,43.5805778503418,45.0206298828125,222.80274963378906,28.99945068359375,114.5294418334961
2017-10-19,187.2100067138672,43.245704650878906,44.928802490234375,222.8636932373047,28.953737258911133,114.55553436279297
2017-10-20,189.0399932861328,43.393672943115234,45.172157287597656,224.01373291015625,29.054309844970703,115.17303466796875
2017-10-23,189.38999938964844,43.07436752319336,45.342044830322266,223.1425018310547,28.91716766357422,114.68603515625
2017-10-24,189.77999877929688,43.11330795288086,45.61753463745117,223.53460693359375,28.926321029663086,114.88603210449219
2017-10-25,188.7100067138672,43.01985549926758,45.038997650146484,222.42807006835938,28.82575035095215,114.28590393066406
2017-10-26,188.61000061035156,42.74728012084961,45.28236389160156,222.71556091308594,28.844030380249023,114.43374633789062
2017-10-27,188.58999633789062,43.33915710449219,46.19149398803711,224.5364990234375,29.273719787597656,115.36438751220703
2017-10-30,187.85000610351562,43.07436752319336,46.20985794067383,223.70010375976562,29.22800636291504,114.85995483398438
2017-10-31,186.94000244140625,43.44039535522461,46.65524673461914,224.0486297607422,29.26457405090332,115.0947494506836
2017-11-01,187.1699981689453,43.68182373046875,46.531272888183594,224.34483337402344,29.273719787597656,115.1904525756836
2017-11-02,188.61000061035156,43.74412155151367,46.751670837402344,224.43202209472656,29.292007446289062,115.2165298461914
2017-11-03,187.27000427246094,43.54164123535156,47.26593017578125,225.1813201904297,29.43828010559082,115.52098083496094
2017-11-06,186.67999267578125,43.98554992675781,47.876609802246094,225.52980041503906,29.557126998901367,115.73838806152344
2017-11-07,186.3000030517578,43.69739532470703,47.780189514160156,225.37294006347656,29.566272735595703,115.5383529663086
2017-11-08,184.60000610351562,43.915462493896484,47.89038848876953,225.75628662109375,29.639408111572266,115.7297134399414
2017-11-09,184.49000549316406,43.674041748046875,46.958290100097656,224.93734741210938,29.502277374267578,115.26005554199219
2017-11-10,183.67999267578125,43.526058197021484,47.22919845581055,224.86761474609375,29.511417388916016,115.27740478515625
2017-11-13,184.39999389648438,43.44039535522461,47.426631927490234,225.0767364501953,29.54799461364746,115.33831787109375
2017-11-14,183.33999633789062,43.206764221191406,47.426631927490234,224.55398559570312,29.483991622924805,115.12956237792969
2017-11-15,181.80999755859375,42.98092269897461,46.98583984375,223.42999267578125,29.292007446289062,114.53813934326172
2017-11-16,182.0500030517578,43.821998596191406,48.1521110534668,225.3293914794922,29.54799461364746,115.58181762695312
2017-11-17,181.05999755859375,43.98554992675781,47.408267974853516,224.66725158691406,29.44742202758789,115.36438751220703
2017-11-20,181.6300048828125,44.219173431396484,47.98221969604492,225.05056762695312,29.483991622924805,115.66012573242188
2017-11-21,183.17999267578125,44.772117614746094,48.47351837158203,226.5230255126953,29.730838775634766,116.46027374267578
2017-11-22,182.55999755859375,44.88113784790039,48.15670394897461,226.32273864746094,29.72168731689453,116.37332153320312
2017-11-24,182.36000061035156,44.75654220581055,48.56535339355469,226.84535217285156,29.82225799560547,116.6429443359375
2017-11-27,183.49000549316406,44.19581604003906,47.81232833862305,226.7322235107422,29.840543746948242,116.521240234375
2017-11-28,187.5399932861328,44.491756439208984,47.77100372314453,229.03236389160156,30.023391723632812,117.67794036865234
2017-11-29,189.85000610351562,43.84536361694336,45.74610900878906,228.8928985595703,29.785696029663086,117.67794036865234
2017-11-30,193.00999450683594,43.494911193847656,46.030784606933594,230.8968963623047,30.0782527923584,118.58248138427734
2017-12-01,194.55999755859375,43.2379150390625,45.631317138671875,230.4176788330078,29.99595832824707,118.34770965576172
2017-12-04,196.9600067138672,43.30021667480469,44.66249084472656,230.13882446289062,29.785696029663086,118.19110870361328
2017-12-05,196.07000732421875,43.245704650878906,44.66249084472656,229.31112670898438,29.72168731689453,117.6866683959961
2017-12-06,196.00999450683594,42.69276809692383,44.76350402832031,229.354736328125,29.803972244262695,117.61705780029297
2017-12-07,196.33999633789062,42.72391891479492,45.20429611206055,230.0778350830078,29.92282485961914,118.08674621582031
2017-12-08,196.44000244140625,43.19119644165039,44.997676849365234,231.33250427246094,30.059967041015625,118.70423126220703
2017-12-11,196.6999969482422,43.44039535522461,45.273170471191406,232.029541015625,30.178810119628906,118.98258209228516
2017-12-12,199.07000732421875,43.17560958862305,44.82778549194336,232.4390106201172,30.206239700317383,119.11304473876953
2017-12-13,197.39999389648438,43.642879486083984,44.855342864990234,232.412841796875,30.2519474029541,119.13041687011719
2017-12-14,196.66000366210938,43.33915710449219,44.836971282958984,231.46319580078125,30.178810119628906,118.57381439208984
2017-12-15,197.77999877929688,43.45597457885742,45.571632385253906,233.3907012939453,30.39545440673828,119.63487243652344
2017-12-18,199.33999633789062,43.92324447631836,46.375450134277344,234.8706512451172,30.615779876708984,120.4611587524414
2017-12-19,197.91000366210938,43.719581604003906,46.35215759277344,233.96859741210938,30.505624771118164,119.9740982055664
2017-12-20,197.7899932861328,43.80675506591797,46.65487289428711,233.84603881835938,30.450546264648438,119.96540069580078
2017-12-21,198.88999938964844,44.107887268066406,46.161216735839844,234.32769775390625,30.432191848754883,120.23899841308594
2017-12-22,197.9199981689453,44.4644889831543,46.17985153198242,234.266357421875,30.39545440673828,120.19526672363281
2017-12-26,197.57000732421875,44.409019470214844,45.65824890136719,233.98622131347656,30.331207275390625,120.09913635253906
2017-12-27,198.69000244140625,44.55958557128906,45.80727767944336,234.09999084472656,30.386287689208984,120.142822265625
2017-12-28,199.55999755859375,44.86864471435547,45.97493362426758,234.58164978027344,30.423006057739258,120.4050521850586
2017-12-29,198.22000122070312,45.09053039550781,45.55113983154297,233.69711303710938,30.29448127746582,119.95928955078125
2018-01-02,197.22000122070312,45.962223052978516,46.74335861206055,235.36973571777344,30.55152702331543,120.80709838867188
2018-01-03,199.7899932861328,46.36637496948242,47.4046630859375,236.85861206054688,30.81775665283203,121.50633239746094
2018-01-04,200.69000244140625,46.55656433105469,47.64683532714844,237.85690307617188,30.937089920043945,121.96953582763672
2018-01-05,201.4199981689453,46.95279312133789,47.95420455932617,239.4419708251953,31.240028381347656,122.68624114990234
2018-01-08,202.74000549316406,46.98448944091797,48.284854888916016,239.87986755371094,31.30430030822754,122.96597290039062
2018-01-09,203.02000427246094,46.8814697265625,47.83312225341797,240.42286682128906,31.386919021606445,123.19319152832031
2018-01-10,205.61000061035156,46.5803337097168,47.19974899291992,240.0549774169922,31.285932540893555,123.00086212158203
2018-01-11,206.69000244140625,46.913169860839844,47.42329406738281,241.8064422607422,31.47872543334961,124.04095458984375
2018-01-12,210.16000366210938,47.38071823120117,47.66545867919922,243.38279724121094,31.708234786987305,124.76640319824219
2018-01-16,210.2899932861328,47.12712860107422,47.884342193603516,242.55081176757812,31.61641502380371,124.21575927734375
2018-01-17,214.16000366210938,47.73731231689453,49.31407928466797,244.8626708984375,31.97444725036621,125.36071014404297
2018-01-18,213.19000244140625,47.78485870361328,49.677330017089844,244.4511260986328,31.992809295654297,125.14222717285156
2018-01-19,213.25,48.17317199707031,49.72389602661133,245.56326293945312,32.12133026123047,125.78902435302734
2018-01-22,215.97000122070312,48.45051574707031,50.21289825439453,247.56002807617188,32.360008239746094,126.785400390625
2018-01-23,215.55999755859375,48.640708923339844,50.53889465332031,248.08535766601562,32.506893157958984,127.10005187988281
2018-01-24,215.61000061035156,49.076560974121094,49.51433563232422,247.98910522460938,32.415103912353516,126.97769927978516
2018-01-25,215.10000610351562,49.013160705566406,48.71331024169922,248.09413146972656,32.46099853515625,127.0301284790039
2018-01-26,217.19000244140625,49.67882537841797,50.264129638671875,250.96658325195312,32.910823822021484,128.35862731933594
2018-01-29,215.4600067138672,48.965614318847656,50.17098617553711,249.30264282226562,32.69049835205078,127.51961517333984
2018-01-30,214.41000366210938,48.32373046875,49.18833923339844,246.7455596923828,32.360008239746094,126.19102478027344
2018-01-31,214.3800048828125,48.68825912475586,49.60282516479492,246.86813354492188,32.470176696777344,126.2347640991211
2018-02-01,217.25,48.08599853515625,49.30010223388672,246.587890625,32.3416633605957,126.18232727050781
2018-02-02,209.1199951171875,46.897315979003906,47.92626190185547,241.2196807861328,31.689870834350586,123.49906921386719
2018-02-05,196.8000030517578,45.32033920288086,45.76536560058594,231.13125610351562,30.413829803466797,118.63956451416016
2018-02-06,201.24000549316406,46.64373016357422,47.451236724853516,235.6851348876953,31.093151092529297,120.57987213134766
2018-02-07,200.3699951171875,45.249019622802734,46.19847869873047,234.40658569335938,30.891193389892578,120.04671478271484
2018-02-08,191.4199981689453,43.73543167114258,44.358917236328125,225.61422729492188,29.66105079650879,115.7290267944336
2018-02-09,196.02000427246094,44.504119873046875,45.51853561401367,229.00328063964844,30.184328079223633,117.31976318359375
2018-02-12,198.88999938964844,45.1380729675293,46.4825553894043,232.3660888671875,30.68922233581543,118.88426208496094
2018-02-13,197.99000549316406,45.478824615478516,46.3894157409668,232.944091796875,30.771841049194336,119.26009368896484
2018-02-14,200.5399932861328,46.572410583496094,47.37672424316406,236.08792114257812,31.212499618530273,120.9294662475586
2018-02-15,203.89999389648438,47.44410705566406,47.97283172607422,239.10044860839844,31.708234786987305,122.4065170288086
2018-02-16,203.7899932861328,47.2697639465332,47.8703727722168,239.1704864501953,31.671499252319336,122.4590072631836
2018-02-20,203.0500030517578,46.659584045410156,48.82042694091797,237.67300415039062,31.598068237304688,121.72481536865234
2018-02-21,201.02000427246094,46.59618377685547,48.28951644897461,236.49073791503906,31.506248474121094,121.1567153930664
2018-02-22,200.72999572753906,46.72297286987305,48.12651062011719,236.79718017578125,31.53380012512207,121.23539733886719
2018-02-23,202.75999450683594,47.475807189941406,49.20695877075195,240.57164001464844,32.0754280090332,123.11454772949219
2018-02-26,210.6199951171875,47.88788604736328,50.19892501831055,243.36517333984375,32.46099853515625,124.40804290771484
2018-02-27,209.66000366210938,46.54071807861328,50.01264190673828,240.32644653320312,32.084617614746094,122.8436050415039
2018-02-28,207.1999969482422,45.90675735473633,49.616790771484375,237.89190673828125,31.78166961669922,121.48878479003906
2018-03-01,201.52999877929688,45.89882278442383,48.82508087158203,234.432861328125,31.30430030822754,120.04671478271484
2018-03-02,201.33999633789062,46.07316589355469,49.58884811401367,235.64126586914062,31.497087478637695,120.82457733154297
2018-03-05,203.24000549316406,46.08108901977539,50.16167068481445,238.3648681640625,31.845911026000977,122.18807983398438
2018-03-06,204.5500030517578,46.51694107055664,50.89749526977539,238.96908569335938,31.919357299804688,122.63372802734375
2018-03-07,204.3000030517578,46.54863739013672,51.11637878417969,238.8815460205078,32.001991271972656,122.73866271972656
2018-03-08,205.2899932861328,46.54071807861328,51.13966369628906,240.03756713867188,32.185585021972656,123.20193481445312
2018-03-09,212.94000244140625,47.50749969482422,52.12696838378906,244.21458435058594,32.773128509521484,125.24708557128906
2018-03-12,211.82000732421875,47.61052703857422,52.657875061035156,243.9081268310547,32.78230285644531,125.1772232055664
2018-03-13,209.1300048828125,47.1746711730957,51.922054290771484,242.33184814453125,32.53444290161133,124.39930725097656
2018-03-14,206.99000549316406,47.30146789550781,51.94999313354492,241.08831787109375,32.415103912353516,123.77001953125
2018-03-15,207.82000732421875,47.12712860107422,51.90342712402344,240.8256072998047,32.415103912353516,123.60394287109375
2018-03-16,206.9600067138672,47.02411651611328,51.884796142578125,241.0867919921875,32.415103912353516,123.81371307373047
2018-03-19,203.99000549316406,46.51694107055664,51.04186248779297,237.82479858398438,31.917951583862305,122.2230224609375
2018-03-20,204.75,47.02411651611328,51.38648223876953,238.22918701171875,32.02843475341797,122.4065170288086
2018-03-21,204.8300018310547,47.285614013671875,51.49360275268555,237.77200317382812,31.86272430419922,122.30164337158203
2018-03-22,197.6300048828125,45.748260498046875,50.10578536987305,231.828369140625,31.034170150756836,119.30561828613281
2018-03-23,192.4600067138672,44.86864471435547,48.48045349121094,226.88705444335938,30.343692779541016,116.8045883178711
2018-03-26,199.33999633789062,46.33469009399414,50.40849685668945,233.09442138671875,31.282737731933594,119.88485717773438
2018-03-27,196.14999389648438,45.5263786315918,48.67140197753906,229.1291046142578,30.527816772460938,117.76112365722656
2018-03-28,196.6699981689453,45.32033920288086,47.59095001220703,228.4521026611328,30.343692779541016,117.48909759521484
2018-03-29,199.47999572753906,46.279205322265625,48.56428527832031,231.37118530273438,30.859237670898438,119.10381317138672
2018-04-02,195.0,45.40750503540039,46.785274505615234,226.37709045410156,30.10433578491211,116.39208221435547
2018-04-03,197.9600067138672,45.88298034667969,47.64683532714844,229.27853393554688,30.45417022705078,117.8401107788086
2018-04-04,200.11000061035156,45.91468048095703,48.22896957397461,231.731689453125,30.86845588684082,119.16522979736328
2018-04-05,200.85000610351562,46.0256233215332,47.69805908203125,233.56045532226562,31.052583694458008,119.99893188476562
2018-04-06,195.49000549316406,45.18561935424805,46.319557189941406,228.35543823242188,30.31608009338379,117.48029327392578
2018-04-09,195.3300018310547,45.249019622802734,46.63623809814453,229.48086547851562,30.45417022705078,117.87522888183594
2018-04-10,197.8000030517578,46.08900833129883,48.061317443847656,233.12960815429688,30.99733543395996,119.7883071899414
2018-04-11,195.22000122070312,46.1207160949707,48.03803253173828,231.90753173828125,30.82242774963379,119.23542785644531
2018-04-12,198.1300048828125,46.1048698425293,48.83439254760742,233.81549072265625,31.107807159423828,120.20075988769531
2018-04-13,197.0,45.69279098510742,48.37799835205078,233.12960815429688,31.015750885009766,119.85853576660156
2018-04-16,198.22000122070312,45.75617980957031,48.47579574584961,235.0463409423828,31.255109786987305,120.85894775390625
2018-04-17,199.27000427246094,45.8195915222168,49.36064529418945,237.56094360351562,31.77066421508789,122.13145446777344
2018-04-18,199.50999450683594,46.17618179321289,48.80179214477539,237.7368621826172,31.825899124145508,122.29817962646484
2018-04-19,200.3800048828125,45.91468048095703,46.626930236816406,236.4180450439453,31.540504455566406,121.63118743896484
2018-04-20,200.1300048828125,45.39165496826172,46.09136199951172,234.4133758544922,31.190670013427734,120.66587829589844
2018-04-23,199.4199981689453,45.035057067871094,45.49525451660156,234.3782196044922,31.153841018676758,120.62202453613281
2018-04-24,196.8000030517578,44.78940200805664,45.26239776611328,231.2217254638672,30.54623794555664,119.17401885986328
2018-04-25,196.8000030517578,44.51995849609375,45.03419876098633,231.793212890625,30.601472854614258,119.30561828613281
2018-04-26,197.02999877929688,45.05881881713867,45.97958755493164,234.1496124267578,31.09860610961914,120.43772888183594
2018-04-27,197.22999572753906,45.344112396240234,45.68153381347656,234.3694305419922,31.144638061523438,120.5167007446289
2018-04-30,193.72999572753906,45.050907135009766,45.24842834472656,232.56698608398438,30.923683166503906,119.6391372680664
2018-05-01,195.11000061035156,44.84487533569336,45.97493362426758,232.98020935058594,31.126230239868164,119.82339477539062
2018-05-02,193.30999755859375,44.480342864990234,45.6442756652832,231.41519165039062,30.969717025756836,119.130126953125
2018-05-03,191.61000061035156,44.34562301635742,45.75604248046875,230.9051971435547,30.988121032714844,118.80546569824219
2018-05-04,195.63999938964844,44.567501068115234,46.9436149597168,233.8945770263672,31.430038452148438,120.3412094116211
2018-05-07,197.05999755859375,44.31391906738281,47.19509506225586,234.68594360351562,31.59572982788086,120.86772918701172
2018-05-08,196.24000549316406,44.512027740478516,47.52574920654297,234.68594360351562,31.604949951171875,120.91160583496094
2018-05-09,199.8699951171875,44.58335494995117,48.201026916503906,236.9542999267578,31.92715835571289,122.0524673461914
2018-05-10,201.1999969482422,45.5263786315918,49.002052307128906,239.17001342773438,32.22175598144531,123.11427307128906
2018-05-11,199.3000030517578,45.42335891723633,48.62483215332031,239.8997802734375,32.27699279785156,123.36000061035156
2018-05-14,199.17999267578125,45.47090148925781,49.47241973876953,240.01406860351562,32.30461502075195,123.42144012451172
2018-05-15,197.36000061035156,44.55166244506836,48.91822052001953,238.3611297607422,31.982404708862305,122.67549896240234
2018-05-16,197.8300018310547,45.22524642944336,49.61213302612305,239.3634490966797,32.11128616333008,123.27223205566406
2018-05-17,197.49000549316406,44.615055084228516,49.2861328125,239.16123962402344,32.056053161621094,123.3073501586914
2018-05-18,196.05999755859375,44.2743034362793,48.69002914428711,238.56341552734375,32.03763961791992,123.03534698486328
2018-05-21,197.91000366210938,44.4644889831543,49.388587951660156,240.35696411132812,32.27699279785156,123.95677947998047
2018-05-22,198.1300048828125,44.62297821044922,49.74252700805664,239.68875122070312,32.13890075683594,123.50041198730469
2018-05-23,195.9499969482422,44.615055084228516,49.79841232299805,240.34817504882812,32.378265380859375,123.82514953613281
2018-05-24,194.8300018310547,44.39316940307617,49.94278335571289,239.85586547851562,32.350650787353516,123.62327575683594
2018-05-25,194.14999389648438,44.54372787475586,50.44109344482422,239.2843780517578,32.350650787353516,123.38632202148438
2018-05-29,189.8699951171875,43.553165435791016,50.03593063354492,236.53228759765625,32.06525802612305,122.16649627685547
2018-05-30,194.10000610351562,43.95731735229492,50.33864212036133,239.68875122070312,32.41508865356445,123.74614715576172
2018-05-31,191.52999877929688,44.00487518310547,49.91950607299805,238.22044372558594,32.267799377441406,122.89490509033203
2018-06-01,192.22999572753906,44.488258361816406,51.0092658996582,240.55923461914062,32.691280364990234,124.17619323730469
2018-06-04,191.3000030517578,44.955806732177734,51.358543395996094,241.70220947265625,32.912227630615234,124.75537109375
2018-06-05,190.77000427246094,44.63090515136719,51.64728927612305,241.87802124023438,33.00429153442383,124.93966674804688
2018-06-06,193.99000549316406,45.27279281616211,51.977943420410156,243.90029907226562,33.252864837646484,126.04545593261719
2018-06-07,195.57000732421875,44.62297821044922,51.56345748901367,243.8739013671875,33.105560302734375,125.8610610961914
2018-06-08,196.00999450683594,44.58335494995117,51.21417999267578,244.59494018554688,33.188411712646484,126.29109191894531
2018-06-11,195.3300018310547,44.53581237792969,51.15829086303711,244.92025756835938,33.20682144165039,126.47537994384766
2018-06-12,195.27000427246094,44.456565856933594,51.31197738647461,245.23681640625,33.33571243286133,126.73865509033203
2018-06-13,194.5500030517578,44.13957977294922,51.204864501953125,244.45419311523438,33.22523498535156,126.26480865478516
2018-06-14,192.5,43.84637451171875,51.28403854370117,245.06973266601562,33.42778015136719,126.62460327148438
2018-06-15,191.75999450683594,43.553165435791016,51.367862701416016,244.75706481933594,33.37253189086914,126.50169372558594
2018-06-18,191.11000061035156,42.958831787109375,50.74846649169922,244.25360107421875,33.3531379699707,126.36138153076172
2018-06-19,190.35000610351562,42.44908905029297,50.143043518066406,243.31748962402344,33.1591682434082,125.94003295898438
2018-06-20,189.5,42.648841857910156,50.45506286621094,243.7324981689453,33.28849411010742,126.22965240478516
2018-06-21,188.86000061035156,42.065589904785156,49.82636260986328,242.20460510253906,33.03910446166992,125.36089324951172
2018-06-22,188.91000366210938,42.473052978515625,49.640071868896484,242.6461944580078,33.01139831542969,125.5397720336914
2018-06-25,186.72999572753906,41.9537239074707,47.84708786010742,239.3430633544922,32.42950439453125,123.77723693847656
2018-06-26,186.44000244140625,41.76198196411133,48.28951644897461,239.87306213378906,32.53110122680664,124.05921936035156
2018-06-27,184.91000366210938,40.9470329284668,47.10660934448242,237.8859100341797,32.133914947509766,122.90473175048828
2018-06-28,187.08999633789062,41.250640869140625,47.581634521484375,239.2459716796875,32.41102981567383,123.67149353027344
2018-06-29,186.64999389648438,41.9537239074707,47.81448745727539,239.59043884277344,32.447959899902344,123.75956726074219
2018-07-02,187.8300018310547,41.458370208740234,47.83312225341797,240.10264587402344,32.63270568847656,124.05921936035156
2018-07-03,186.02000427246094,41.482330322265625,46.99483871459961,239.25479125976562,32.38330841064453,123.74193572998047
2018-07-05,187.5,41.38646697998047,48.261566162109375,241.2065887451172,32.71580505371094,124.79070281982422
2018-07-06,187.55999755859375,41.92976760864258,48.87630844116211,243.24679565429688,33.06681442260742,125.83937072753906
2018-07-09,189.63999938964844,42.64084243774414,49.24422073364258,245.43710327148438,33.37161636352539,126.98503112792969
2018-07-10,189.89999389648438,42.528987884521484,49.77512741088867,246.32029724121094,33.454750061035156,127.31118774414062
2018-07-11,189.91000366210938,41.746002197265625,48.40594482421875,244.5185546875,33.28849411010742,126.4034194946289
2018-07-12,189.9600067138672,42.33723449707031,48.992733001708984,246.73536682128906,33.70413589477539,127.44337463378906
2018-07-13,190.9600067138672,42.32124710083008,48.89027786254883,246.9296875,33.75956726074219,127.52266693115234
2018-07-16,192.0,42.16146469116211,48.74126052856445,246.70883178710938,33.676422119140625,127.31998443603516
2018-07-17,190.41000366210938,42.441104888916016,49.383934020996094,247.70689392089844,33.89811325073242,127.90164184570312
2018-07-18,200.44000244140625,42.401153564453125,49.88690185546875,248.22793579101562,33.9350471496582,128.18362426757812
2018-07-19,197.49000549316406,41.88981628417969,49.72389602661133,247.2918243408203,33.76879119873047,127.87516021728516
2018-07-20,196.77999877929688,42.473052978515625,49.67267990112305,247.00917053222656,33.77802658081055,127.64605712890625
2018-07-23,197.85000610351562,42.16146469116211,49.640071868896484,247.4684295654297,33.84267807006836,127.84877014160156
2018-07-24,198.4600067138672,42.7686767578125,49.02067565917969,248.7137451171875,33.99971008300781,128.13076782226562
2018-07-25,197.61000061035156,43.43981170654297,49.26750564575195,250.8333740234375,34.45229721069336,129.2235870361328
2018-07-26,197.4600067138672,43.016357421875,49.994014739990234,250.2416534423828,34.119781494140625,129.01205444335938
2018-07-27,197.9499969482422,43.144195556640625,49.747188568115234,248.54595947265625,33.75032424926758,127.98094177246094
2018-07-30,199.08999633789062,43.05630874633789,49.4072151184082,247.2476806640625,33.33467483520508,127.14372253417969
2018-07-31,197.8699951171875,43.22408676147461,49.31407928466797,248.4665069580078,33.565589904785156,127.86638641357422
2018-08-01,197.85000610351562,42.9444580078125,49.5283088684082,248.05128479003906,33.676422119140625,127.716552734375
2018-08-02,198.05999755859375,42.39316177368164,50.026615142822266,249.40260314941406,33.9350471496582,128.47447204589844
2018-08-03,200.24000549316406,42.70475387573242,50.10578536987305,250.4712677001953,34.06435775756836,128.90631103515625
2018-08-06,206.05999755859375,42.42512893676758,50.37124252319336,251.38986206054688,34.2121467590332,129.48794555664062
2018-08-07,208.72000122070312,42.816612243652344,50.71120834350586,252.2200164794922,34.304500579833984,129.9109649658203
2018-08-08,208.94000244140625,42.72873306274414,50.86955642700195,252.11395263671875,34.341453552246094,129.78759765625
2018-08-09,209.10000610351562,42.64084243774414,50.37590026855469,251.76954650878906,34.322975158691406,129.69944763183594
2018-08-10,206.6300048828125,41.738014221191406,49.1929931640625,250.08265686035156,34.09206008911133,128.888671875
2018-08-13,205.1699981689453,41.05089569091797,49.248878479003906,249.14649963378906,34.018184661865234,128.39512634277344
2018-08-14,205.8300018310547,41.3145637512207,49.132450103759766,250.73623657226562,34.230613708496094,129.24119567871094
2018-08-15,204.5,40.180030822753906,48.31745910644531,248.8638916015625,33.95353317260742,128.21893310546875
2018-08-16,207.55999755859375,40.44367599487305,48.24293899536133,250.8774871826172,34.119781494140625,129.2235870361328
2018-08-17,208.13999938964844,40.835182189941406,47.889007568359375,251.76071166992188,34.20290756225586,129.69944763183594
2018-08-20,208.4600067138672,40.99497604370117,47.82379913330078,252.29953002929688,34.2398567199707,129.94622802734375
2018-08-21,208.49000549316406,41.482330322265625,48.81111145019531,252.89120483398438,34.304500579833984,130.43092346191406
2018-08-22,207.3300018310547,41.77796173095703,48.992733001708984,252.74114990234375,34.359928131103516,130.4750213623047
2018-08-23,207.24000549316406,41.170745849609375,49.053279876708984,252.4053955078125,34.332210540771484,130.21942138671875
2018-08-24,207.97999572753906,41.857852935791016,49.803077697753906,253.9244842529297,34.609310150146484,131.0302276611328
2018-08-27,210.50999450683594,42.42512893676758,50.580810546875,255.92941284179688,34.92335891723633,131.9732208251953
2018-08-28,210.77000427246094,42.29728317260742,50.77174758911133,256.0529479980469,34.95105743408203,132.05252075195312
2018-08-29,211.27000427246094,42.49702072143555,51.060489654541016,257.43072509765625,35.255863189697266,132.748779296875
2018-08-30,209.75,41.47434997558594,50.51560592651367,256.3885192871094,35.15427017211914,132.20230102539062
2018-08-31,208.72000122070312,41.793941497802734,50.734500885009766,256.3974304199219,35.19120788574219,132.25521850585938
2018-09-04,210.0500030517578,40.9470329284668,51.1024055480957,255.955810546875,35.15427017211914,132.07017517089844
2018-09-05,212.25999450683594,40.3797721862793,50.822975158691406,255.26695251464844,34.84022903442383,131.63827514648438
2018-09-06,212.8800048828125,40.40373229980469,49.50502014160156,254.4985809326172,34.72014617919922,131.24171447753906
2018-09-07,214.0399932861328,40.19601058959961,49.2861328125,254.0039520263672,34.646263122558594,130.94210815429688
2018-09-10,215.11000061035156,39.788536071777344,49.76581573486328,254.44564819335938,34.710906982421875,131.2240753173828
2018-09-11,215.10000610351562,39.892398834228516,49.141761779785156,255.2845916748047,34.90488052368164,131.6647491455078
2018-09-12,214.58999633789062,40.06816864013672,48.578250885009766,255.34642028808594,34.88641357421875,131.673583984375
2018-09-13,214.88999938964844,40.555545806884766,49.17436599731445,256.856689453125,35.172760009765625,132.33450317382812
2018-09-14,216.3699951171875,40.53157424926758,49.68198776245117,256.9008483886719,35.14502716064453,132.4403076171875
2018-09-17,216.2899932861328,40.227962493896484,49.01136016845703,255.540771484375,34.803279876708984,131.60304260253906
2018-09-18,218.3000030517578,40.5715217590332,49.383934020996094,256.9273376464844,35.05267333984375,132.30809020996094
2018-09-19,220.9499969482422,41.07487106323242,49.49570083618164,257.2012023925781,35.0157356262207,132.32569885253906
2018-09-20,221.67999267578125,41.506309509277344,50.133724212646484,259.2854309082031,35.3390007019043,133.34799194335938
2018-09-21,220.52000427246094,41.65012741088867,49.882240295410156,259.0485534667969,35.24664306640625,133.21583557128906
2018-09-24,218.1300048828125,41.170745849609375,50.236183166503906,258.1879577636719,35.271663665771484,132.73109436035156
2018-09-25,218.0500030517578,41.38646697998047,49.43516159057617,257.9484558105469,35.29020690917969,132.66064453125
2018-09-26,216.11000061035156,41.43439865112305,48.99739074707031,257.17657470703125,35.216064453125,132.1494140625
2018-09-27,216.6999969482422,41.6341438293457,49.30475997924805,257.89520263671875,35.419979095458984,132.45791625976562
2018-09-28,214.11000061035156,41.370487213134766,49.57487487792969,257.9218444824219,35.44779968261719,132.5145721435547
2018-10-01,214.77999877929688,41.36250305175781,49.70527267456055,258.8179626464844,35.56829833984375,132.71824645996094
2018-10-02,215.2899932861328,40.89111328125,49.66801834106445,258.6669921875,35.4941520690918,132.52345275878906
2018-10-03,216.39999389648438,40.5715217590332,49.85895538330078,258.8091125488281,35.4941520690918,132.70053100585938
2018-10-04,218.97000122070312,39.604774475097656,48.73659896850586,256.78619384765625,35.02138900756836,131.57591247558594
2018-10-05,219.4600067138672,39.42101287841797,47.628204345703125,255.3489990234375,34.75255584716797,130.72589111328125
2018-10-08,222.05999755859375,39.48492431640625,47.06935501098633,255.3489990234375,34.57643508911133,130.62843322753906
2018-10-09,223.75999450683594,39.325138092041016,46.980865478515625,254.97633361816406,34.585693359375,130.3982391357422
2018-10-10,213.10000610351562,38.21456527709961,44.8479118347168,246.90301513671875,33.250858306884766,126.24527740478516
2018-10-11,205.19000244140625,37.78312683105469,44.452056884765625,241.46461486816406,32.676109313964844,123.55335235595703
2018-10-12,206.8000030517578,38.83776092529297,45.33225631713867,244.8181610107422,33.389892578125,125.18262481689453
2018-10-15,205.02999877929688,38.446258544921875,44.83859634399414,243.44300842285156,33.06544876098633,124.62481689453125
2018-10-16,209.8300018310547,39.39704132080078,46.35681915283203,248.76608276367188,33.955360412597656,127.36984252929688
2018-10-17,210.52000427246094,38.91765594482422,46.12862014770508,248.81044006347656,33.93681335449219,127.33441162109375
2018-10-18,208.6999969482422,37.918949127197266,44.92708206176758,245.21731567382812,33.30646514892578,125.4925765991211
2018-10-19,209.8300018310547,38.326416015625,44.279747009277344,245.08438110351562,33.204490661621094,125.16497039794922
2018-10-22,206.19000244140625,38.653995513916016,44.51725387573242,243.9842071533203,33.2415771484375,124.66907501220703
2018-10-23,204.0,38.25450897216797,44.340293884277344,242.74209594726562,33.06544876098633,123.93414306640625
2018-10-24,199.80999755859375,37.06405258178711,41.364402770996094,235.38739013671875,31.8789119720459,120.08223724365234
2018-10-25,201.97999572753906,37.68724822998047,42.5333366394043,239.61033630371094,32.68538284301758,122.34022521972656
2018-10-26,198.49000549316406,37.30375671386719,41.76491165161133,235.39627075195312,31.990154266357422,120.223876953125
2018-10-29,200.0399932861328,36.63261032104492,41.28522872924805,234.09207153320312,31.582286834716797,119.55975341796875
2018-10-30,203.35000610351562,37.31173324584961,43.040958404541016,237.56097412109375,32.02722930908203,121.42816162109375
2018-10-31,205.27999877929688,37.7591552734375,43.525291442871094,240.0983428955078,32.57415008544922,122.69439697265625
2018-11-01,205.86000061035156,39.061466217041016,45.625648498535156,242.65342712402344,32.972740173339844,124.08467102050781
2018-11-02,206.57000732421875,39.317142486572266,44.89914321899414,241.21621704101562,32.65757369995117,123.57988739013672
2018-11-05,216.24000549316406,39.43698501586914,44.48466110229492,242.5469970703125,32.68538284301758,124.18204498291016
2018-11-06,218.50999450683594,39.34910202026367,44.94571304321289,244.08180236816406,32.91712951660156,124.89043426513672
2018-11-07,221.24000549316406,40.05219268798828,45.49990463256836,249.30731201171875,33.78849411010742,127.4406509399414
2018-11-08,222.4199981689453,39.07745361328125,45.29034423828125,248.85476684570312,33.732879638671875,127.19271850585938
2018-11-09,219.6300048828125,38.374351501464844,44.47068786621094,246.42391967773438,33.352806091308594,125.89103698730469
2018-11-12,215.4199981689453,37.839054107666016,42.524017333984375,241.81944274902344,32.51852798461914,123.47364044189453
2018-11-13,217.9199981689453,38.27848434448242,43.07355880737305,241.366943359375,32.48145294189453,123.29656982421875
2018-11-14,216.02999877929688,38.502193450927734,43.297096252441406,239.71682739257812,32.212615966796875,122.39338684082031
2018-11-15,217.3800048828125,39.317142486572266,44.666290283203125,242.21871948242188,32.65757369995117,123.77471160888672
2018-11-16,218.41000366210938,39.43698501586914,43.90718078613281,242.8486785888672,32.68538284301758,124.04035186767578
2018-11-19,217.94000244140625,38.93363952636719,42.258567810058594,238.74095153808594,31.80474853515625,121.88866424560547
2018-11-20,210.7100067138672,38.10270690917969,42.221309661865234,234.32276916503906,31.285634994506836,119.7191390991211
2018-11-21,210.86000061035156,38.78184127807617,42.407588958740234,235.12123107910156,31.415416717529297,120.30358123779297
2018-11-23,207.07000732421875,38.34239959716797,42.3470458984375,233.55091857910156,31.23929214477539,119.65718841552734
2018-11-26,210.6300048828125,38.805809020996094,43.18998336791992,237.3214111328125,31.795480728149414,121.51673126220703
2018-11-27,212.52999877929688,39.037506103515625,43.25518035888672,238.11988830566406,31.888179779052734,121.66725158691406
2018-11-28,217.5,39.97229766845703,44.40082931518555,243.6026611328125,32.842979431152344,124.50084686279297
2018-11-29,217.6999969482422,39.66069793701172,43.981689453125,243.07044982910156,32.76880645751953,124.2706069946289
2018-11-30,218.24000549316406,39.524879455566406,45.0574836730957,244.55201721191406,33.06544876098633,125.16497039794922
2018-12-03,220.80999755859375,40.395748138427734,45.84918975830078,247.79014587402344,33.55674743652344,126.62605285644531
2018-12-04,210.1199951171875,39.59678649902344,43.59515380859375,239.76116943359375,32.370216369628906,122.49073028564453
2018-12-06,207.9600067138672,39.22126388549805,43.33900833129883,239.39752197265625,32.45363998413086,122.34022521972656
2018-12-07,204.8800048828125,38.47023391723633,41.69505310058594,233.8347930908203,31.535932540893555,119.45348358154297
2018-12-10,203.25999450683594,38.086727142333984,42.17939758300781,234.27845764160156,31.767671585083008,119.5863265991211
2018-12-11,202.27999877929688,38.35838317871094,42.38895797729492,234.33164978027344,31.82330322265625,119.55975341796875
2018-12-12,202.47999572753906,38.96559524536133,43.03164291381836,235.51158142089844,32.064300537109375,120.24161529541016
2018-12-13,202.4199981689453,39.00554275512695,42.88727569580078,235.4317626953125,32.064300537109375,119.94937133789062
2018-12-14,200.0,38.47023391723633,42.221309661865234,231.08453369140625,31.359792709350586,117.87731170654297
2018-12-17,197.9199981689453,38.110694885253906,41.82080078125,226.55105590820312,30.6738338470459,115.36251831054688
2018-12-18,196.52000427246094,38.38652038574219,42.32376480102539,226.30264282226562,30.79434585571289,115.32709503173828
2018-12-19,195.1699981689453,37.760032653808594,40.48886489868164,222.9136199951172,30.2288875579834,113.55609893798828
2018-12-20,193.5800018310547,38.109886169433594,40.1651496887207,219.28501892089844,29.737586975097656,111.72310638427734
2018-12-21,192.10000610351562,37.7437629699707,39.47216033935547,214.79197692871094,28.968185424804688,109.3499755859375
2018-12-24,187.75999450683594,37.44272232055664,38.427921295166016,209.11651611328125,28.238256454467773,106.61643981933594
2018-12-26,197.57000732421875,38.19939422607422,40.587589263916016,219.68211364746094,29.699979782104492,111.74684143066406
2018-12-27,200.1199951171875,38.15870666503906,40.94358444213867,221.3687286376953,30.00722885131836,112.75334167480469
2018-12-28,202.0800018310547,38.44347381591797,41.223628997802734,221.0831298828125,29.951358795166016,112.61082458496094
2018-12-31,204.17999267578125,38.36211395263672,41.42772674560547,223.01953125,30.258596420288086,113.6796646118164
2019-01-02,202.8000030517578,38.45161056518555,41.731502532958984,223.25157165527344,30.184106826782227,113.76874542236328
2019-01-03,191.66000366210938,37.760032653808594,39.2253303527832,217.92417907714844,29.42997932434082,111.13227844238281
2019-01-04,195.1999969482422,38.92350769042969,41.05274963378906,225.22373962402344,30.519290924072266,114.81084442138672
2019-01-07,196.91000366210938,39.01300811767578,41.845420837402344,226.99949645996094,30.724105834960938,115.9687728881836
2019-01-08,196.30999755859375,39.11064529418945,41.60335159301758,229.1322784423828,31.087221145629883,117.16228485107422
2019-01-09,196.3699951171875,39.8184814453125,42.66657638549805,230.20310974121094,31.217559814453125,117.71453094482422
2019-01-10,196.5800018310547,40.086978912353516,43.10799789428711,231.01516723632812,31.32929039001465,118.29344940185547
2019-01-11,196.2899932861328,39.8917121887207,43.4639892578125,231.10438537597656,31.30135726928711,118.32018280029297
2019-01-14,195.77999877929688,39.58254623413086,42.71878433227539,229.69444274902344,31.0686092376709,117.57199096679688
2019-01-15,196.94000244140625,39.87544250488281,42.83270263671875,232.32691955566406,31.56205177307129,118.85460662841797
2019-01-16,198.41000366210938,40.314796447753906,42.495697021484375,232.88909912109375,31.51549530029297,119.19309997558594
2019-01-17,198.77999877929688,40.44497299194336,43.02256393432617,234.65594482421875,31.757579803466797,120.1550064086914
2019-01-18,204.47999572753906,40.69719314575195,44.08578109741211,237.7792510986328,32.139286041259766,121.7137680053711
2019-01-22,200.72000122070312,39.98120880126953,42.80896759033203,234.56671142578125,31.701690673828125,120.04815673828125
2019-01-23,201.14999389648438,40.35547637939453,42.63809585571289,235.0576171875,31.74825668334961,120.1728515625
2019-01-24,201.02000427246094,40.70532989501953,45.149009704589844,235.18247985839844,31.785499572753906,120.42223358154297
2019-01-25,202.75,41.24231719970703,45.98914337158203,237.17250061035156,31.990314483642578,121.55339813232422
2019-01-28,200.9499969482422,40.827369689941406,45.13002014160156,235.36990356445312,31.636533737182617,120.66271209716797
2019-01-29,202.0500030517578,40.8680534362793,44.53195571899414,235.0576171875,31.52480125427246,120.49349975585938
2019-01-30,205.9600067138672,41.76304626464844,45.87997817993164,238.77871704101562,32.139286041259766,122.31055450439453
2019-01-31,205.5399932861328,42.04780578613281,45.846744537353516,240.87576293945312,32.5117073059082,123.38827514648438
2019-02-01,209.19000244140625,41.81185531616211,46.430572509765625,240.9917755126953,32.5117073059082,123.56639862060547
2019-02-04,208.52000427246094,41.893218994140625,46.65840530395508,242.68728637695312,32.7630729675293,124.44819641113281
2019-02-05,207.82000732421875,42.42207336425781,46.919464111328125,243.70462036132812,32.94929122924805,124.96476745605469
2019-02-06,206.00999450683594,41.87694549560547,48.082366943359375,243.38339233398438,32.85618591308594,124.840087890625
2019-02-07,201.72999572753906,41.47013473510742,47.0476188659668,241.06321716308594,32.548946380615234,123.65547943115234
2019-02-08,200.9199981689453,41.250457763671875,46.919464111328125,241.35763549804688,32.66067123413086,123.7801742553711
2019-02-11,203.0500030517578,41.11214065551758,47.12356185913086,241.49151611328125,32.697906494140625,124.0384521484375
2019-02-12,206.14999389648438,41.478271484375,48.17254638671875,244.5969696044922,33.12617874145508,125.5882797241211
2019-02-13,205.8000030517578,41.169097900390625,48.28646469116211,245.39112854003906,33.19135284423828,125.98015594482422
2019-02-14,202.77999877929688,41.25859069824219,48.428863525390625,244.84683227539062,33.172733306884766,125.75752258300781
2019-02-15,205.2899932861328,41.201637268066406,48.675682067871094,247.51486206054688,33.470664978027344,127.13811492919922
2019-02-19,205.69000244140625,41.47013473510742,48.61872863769531,247.94332885742188,33.5172233581543,127.38748168945312
2019-02-20,206.16000366210938,41.76304626464844,49.060150146484375,248.44302368164062,33.53583526611328,127.65473175048828
2019-02-21,205.3300018310547,41.6410026550293,48.75637435913086,247.55963134765625,33.45204544067383,127.21824645996094
2019-02-22,201.91000366210938,42.10475158691406,49.449363708496094,249.0944366455078,33.74997329711914,128.0554962158203
2019-02-25,202.30999755859375,42.52783966064453,49.90028381347656,249.43348693847656,33.79652404785156,128.24256896972656
2019-02-26,201.89999389648438,42.4139289855957,49.5775146484375,249.25502014160156,33.80583572387695,128.0020751953125
2019-02-27,202.2899932861328,42.07221984863281,49.06964111328125,249.1479949951172,33.833770751953125,128.0465850830078
2019-02-28,201.3000030517578,41.59217834472656,49.0459098815918,248.6839599609375,33.833770751953125,127.7793960571289
2019-03-01,203.1300048828125,41.55149841308594,49.49683380126953,250.23667907714844,34.11307144165039,128.63446044921875
2019-03-04,201.80999755859375,41.6410026550293,49.520565032958984,249.32644653320312,34.0013542175293,128.03765869140625
2019-03-05,201.47000122070312,42.055938720703125,49.28798294067383,248.98724365234375,33.96410369873047,127.79718017578125
2019-03-06,200.6699981689453,41.8525276184082,48.45734405517578,247.47921752929688,33.77791213989258,126.8263168334961
2019-03-07,199.3000030517578,41.087730407714844,47.930477142333984,245.4089813232422,33.49859619140625,125.83771514892578
2019-03-08,198.6999969482422,40.85992431640625,47.91623306274414,244.9181365966797,33.39619064331055,125.57939910888672
2019-03-11,202.08999633789062,41.575897216796875,48.93674087524414,248.46981811523438,33.89894104003906,127.42310333251953
2019-03-12,202.5,41.79558181762695,49.17881393432617,249.40672302246094,34.01066207885742,127.85063934326172
2019-03-13,204.05999755859375,41.86066818237305,49.378170013427734,251.05770874023438,34.224815368652344,128.67010498046875
2019-03-14,203.3800048828125,41.66539764404297,49.10287094116211,250.8969268798828,34.18756866455078,128.56321716308594
2019-03-15,204.30999755859375,42.243064880371094,50.41765594482422,252.1365509033203,34.392398834228516,129.15994262695312
2019-03-18,206.67999267578125,42.69056701660156,50.28001022338867,253.05081176757812,34.43162155151367,129.64093017578125
2019-03-19,205.14999389648438,42.68242645263672,50.85908508300781,253.11355590820312,34.506351470947266,129.61419677734375
2019-03-20,203.27000427246094,42.76378631591797,50.42240524291992,252.3516845703125,34.54372024536133,129.07981872558594
2019-03-21,204.42999267578125,42.82887649536133,52.15963363647461,255.201904296875,34.94538879394531,130.59397888183594
2019-03-22,200.5500030517578,41.56776809692383,50.66922378540039,250.2902374267578,34.3101806640625,127.86846923828125
2019-03-25,199.44000244140625,41.7142219543457,50.0284423828125,250.10205078125,34.338226318359375,127.78071594238281
2019-03-26,200.6199951171875,41.8037223815918,50.49360275268555,251.9662628173828,34.599761962890625,128.7657470703125
2019-03-27,199.2100067138672,41.33995819091797,49.757896423339844,250.648681640625,34.394264221191406,128.17474365234375
2019-03-28,200.66000366210938,41.66539764404297,49.662960052490234,251.59881591796875,34.515689849853516,128.73890686035156
2019-03-29,200.88999938964844,42.07221984863281,50.469871520996094,253.1852264404297,34.758567810058594,129.5896453857422
2019-04-01,205.0,42.723106384277344,51.71345901489258,256.1878662109375,35.0948371887207,131.09413146972656
2019-04-02,203.8800048828125,42.57665252685547,51.75617980957031,256.3133544921875,35.1322135925293,131.08517456054688
2019-04-03,203.6699981689453,42.88582229614258,52.96179962158203,256.71661376953125,35.206939697265625,131.3985595703125
2019-04-04,204.10000610351562,43.12990951538086,53.01875686645508,257.3978271484375,35.216285705566406,131.67617797851562
2019-04-05,205.3300018310547,43.43095779418945,53.41746520996094,258.6436462402344,35.33771896362305,132.33885192871094
2019-04-08,205.25,43.39841842651367,53.526634216308594,258.8409423828125,35.3470573425293,132.45530700683594
2019-04-09,204.9199981689453,43.36586380004883,52.94281005859375,257.51434326171875,35.225624084472656,131.6582794189453
2019-04-10,204.52000427246094,43.56114196777344,53.37000274658203,258.39276123046875,35.33771896362305,132.26722717285156
2019-04-11,206.6699981689453,43.154327392578125,53.31779098510742,258.32098388671875,35.3096923828125,132.25828552246094
2019-04-12,210.55999755859375,43.40654373168945,54.06774139404297,260.0687561035156,35.5432243347168,133.14480590820312
2019-04-15,209.74000549316406,43.24382400512695,53.67852020263672,259.8985595703125,35.55256271362305,133.037353515625
2019-04-16,211.8000030517578,43.57740783691406,54.98857116699219,260.0687561035156,35.49652099609375,133.07315063476562
2019-04-17,210.3699951171875,43.6994514465332,55.80022430419922,259.4324035644531,35.35639190673828,132.5806121826172
2019-04-18,209.99000549316406,43.62622833251953,55.88092041015625,259.9433288574219,35.44981384277344,132.7776336669922
2019-04-22,209.49000549316406,43.38212966918945,55.838191986083984,260.16741943359375,35.53388214111328,132.8134765625
2019-04-23,211.61000061035156,43.479774475097656,56.289119720458984,262.5066833496094,35.8981819152832,134.14781188964844
2019-04-24,210.57000732421875,42.84515380859375,56.76852035522461,261.9241027832031,35.83280563354492,133.96871948242188
2019-04-25,211.9499969482422,42.796329498291016,55.64833450317383,261.7627868652344,35.97291946411133,133.74481201171875
2019-04-26,214.22000122070312,42.9753303527832,54.969581604003906,262.9817199707031,36.1130485534668,134.47018432617188
2019-04-29,216.5800018310547,43.04854965209961,54.6800422668457,263.3940124511719,36.131717681884766,134.66720581054688
2019-04-30,216.7100067138672,42.99159240722656,55.178428649902344,263.5284729003906,36.131717681884766,134.67616271972656
2019-05-01,216.7100067138672,42.67428970336914,54.75598907470703,261.5477294921875,35.76740646362305,133.6731719970703
2019-05-02,215.92999267578125,42.796329498291016,55.27334976196289,260.9830322265625,35.71134948730469,133.44931030273438
2019-05-03,218.60000610351562,43.31705093383789,55.76700210571289,263.5374755859375,36.0943489074707,134.89105224609375
2019-05-06,213.16000366210938,42.43021011352539,54.8746452331543,262.4529724121094,35.96357345581055,134.46121215820312
2019-05-07,209.42999267578125,41.600318908691406,53.62156295776367,258.070068359375,35.39376449584961,132.141845703125
2019-05-08,209.2899932861328,41.575897216796875,53.23709487915039,257.7115783691406,35.3657341003418,131.92691040039062
2019-05-09,208.55999755859375,40.892459869384766,52.487144470214844,256.9317626953125,35.24430847167969,131.50599670410156
2019-05-10,209.02000427246094,41.144683837890625,52.43019104003906,258.22247314453125,35.41244888305664,132.11500549316406
2019-05-13,205.00999450683594,39.777809143066406,49.999961853027344,251.7332305908203,34.590423583984375,128.7747344970703
2019-05-14,203.69000244140625,40.30665969848633,51.28152847290039,254.00982666015625,34.84263610839844,129.9388427734375
2019-05-15,202.97999572753906,40.388023376464844,51.75617980957031,255.4977264404297,35.16958999633789,130.70904541015625
2019-05-16,204.6300048828125,40.20901870727539,51.02521514892578,257.8639221191406,35.599273681640625,131.89108276367188
2019-05-17,203.27000427246094,39.50117492675781,50.04268264770508,256.19683837890625,35.3657341003418,130.95980834960938
2019-05-20,202.72999572753906,39.33844757080078,48.05388641357422,254.50279235839844,35.085506439208984,130.02845764160156
2019-05-21,203.36000061035156,39.883575439453125,49.15032958984375,256.7973327636719,35.3470573425293,131.300048828125
2019-05-22,202.60000610351562,39.67203903198242,48.28646469116211,256.00860595703125,35.33771896362305,130.82545471191406
2019-05-23,201.3000030517578,39.12691879272461,47.48430252075195,252.8804931640625,34.94538879394531,129.15975952148438
2019-05-24,201.69000244140625,39.20827102661133,47.194766998291016,253.4541015625,34.982749938964844,129.47325134277344
2019-05-28,199.6999969482422,39.305912017822266,46.777069091796875,251.09695434570312,34.795921325683594,128.33592224121094
2019-05-29,198.52000427246094,39.58254623413086,46.9337043762207,249.4117889404297,34.525020599365234,127.45834350585938
2019-05-30,199.74000549316406,39.81034851074219,47.2944450378418,250.09300231933594,34.693180084228516,127.70903015136719
2019-05-31,197.4199981689453,39.964935302734375,46.62518310546875,246.72293090820312,34.22611618041992,125.98970794677734
2019-06-03,198.55999755859375,40.2659797668457,46.57296371459961,246.09552001953125,33.83378219604492,125.73895263671875
2019-06-04,201.58999633789062,40.34733581542969,48.4810676574707,251.43748474121094,34.515689849853516,128.55984497070312
2019-06-05,203.3000030517578,40.086978912353516,48.11084747314453,253.61546325683594,34.870662689208984,129.54489135742188
2019-06-06,204.77000427246094,40.127655029296875,48.77535629272461,255.2646942138672,35.14155197143555,130.27020263671875
2019-06-07,205.80999755859375,40.4286994934082,49.406646728515625,257.819091796875,35.608604431152344,131.45230102539062
2019-06-10,207.16000366210938,40.85177993774414,50.6407470703125,259.0023498535156,35.75807189941406,132.1866455078125
2019-06-11,206.6300048828125,41.25859069824219,50.825862884521484,258.9394836425781,35.70201873779297,132.06126403808594
2019-06-12,204.57000732421875,40.819236755371094,49.724666595458984,258.482421875,35.67400360107422,131.88217163085938
2019-06-13,204.99000549316406,40.78669738769531,49.97148132324219,259.5489196777344,35.75807189941406,132.49111938476562
2019-06-14,205.16000366210938,40.32293701171875,48.7278938293457,259.26214599609375,35.73004913330078,132.2045440673828
2019-06-17,203.47999572753906,40.42236328125,48.428863525390625,259.3607177734375,35.814117431640625,132.30072021484375
2019-06-18,206.00999450683594,41.39204025268555,50.3986701965332,262.0764465332031,36.14106750488281,133.7478790283203
2019-06-19,206.75,41.69609451293945,50.517330169677734,262.6679992675781,36.3092041015625,134.2062530517578
2019-06-20,208.0399932861328,42.32063293457031,51.10115051269531,265.17767333984375,36.66416931152344,135.43763732910156
2019-06-21,206.2100067138672,42.1480598449707,50.85908508300781,264.79217529296875,36.617462158203125,135.4556427001953
2019-06-24,206.85000610351562,42.13162612915039,50.95401382446289,264.4679870605469,36.60622024536133,134.7006072998047
2019-06-25,208.07000732421875,41.7125244140625,50.071163177490234,261.8741455078125,36.14675521850586,133.42428588867188
2019-06-26,208.50999450683594,42.13162612915039,51.55207824707031,261.61285400390625,36.04361343383789,133.172607421875
2019-06-27,212.02000427246094,42.36994552612305,52.24507141113281,262.54052734375,36.17488098144531,133.97254943847656
2019-06-28,213.1699981689453,42.27132034301758,52.29728698730469,263.89154052734375,36.31553649902344,134.9073944091797
2019-07-01,214.6199951171875,42.83012008666992,53.77345657348633,266.2872314453125,36.634342193603516,135.86009216308594
2019-07-02,214.5399932861328,42.731510162353516,53.14216995239258,266.98077392578125,36.82187271118164,136.17469787597656
2019-07-03,215.16000366210938,42.62468719482422,52.94755554199219,269.1153564453125,37.08440399169922,137.19935607910156
2019-07-05,215.25,42.32884216308594,52.55834197998047,268.80914306640625,37.0094108581543,137.1184844970703
2019-07-08,215.1300048828125,42.10697555541992,52.21659851074219,267.33203125,36.84062576293945,136.38150024414062
2019-07-09,214.75,41.9672737121582,52.58207321166992,267.6652526855469,36.9531364440918,136.62417602539062
2019-07-10,214.02999877929688,42.35349655151367,53.104190826416016,268.94415283203125,37.20631408691406,137.1814422607422
2019-07-11,213.1699981689453,42.27132034301758,53.251338958740234,269.57452392578125,37.225067138671875,137.3701934814453
2019-07-12,214.10000610351562,42.295982360839844,54.229122161865234,270.7815246582031,37.337581634521484,138.07130432128906
2019-07-15,213.5399932861328,42.47676467895508,54.66580581665039,270.87164306640625,37.356346130371094,137.98135375976562
2019-07-16,212.8800048828125,42.386375427246094,54.10096740722656,269.9980163574219,37.196937561035156,137.63084411621094
2019-07-17,207.4499969482422,42.222023010253906,54.29557418823242,268.16064453125,37.02815246582031,136.72305297851562
2019-07-18,207.97999572753906,42.575374603271484,55.27334976196289,269.14227294921875,37.121910095214844,137.2263946533203
2019-07-19,205.97000122070312,42.312416076660156,55.27811050415039,267.6473083496094,36.88750076293945,136.4444122314453
2019-07-22,204.83999633789062,42.33706283569336,56.38404846191406,268.3046875,37.0094108581543,136.76795959472656
2019-07-23,206.4600067138672,42.35349655151367,57.010589599609375,270.2231750488281,37.20631408691406,137.6847686767578
2019-07-24,207.97000122070312,42.35349655151367,58.52947998046875,271.4930725097656,37.34696578979492,138.5297088623047
2019-07-25,207.89999389648438,42.04944610595703,57.471004486083984,270.1960754394531,37.1594352722168,137.79266357421875
2019-07-26,209.89999389648438,42.10697555541992,57.35234451293945,272.0064392089844,37.478233337402344,138.79037475585938
2019-07-29,208.61000061035156,42.00014114379883,57.54694747924805,271.5110778808594,37.39384460449219,138.45777893066406
2019-07-30,207.80999755859375,41.69609451293945,57.2906379699707,270.8446044921875,37.23445129394531,138.32296752929688
2019-07-31,205.42999267578125,41.23590087890625,55.5771369934082,267.8814392089844,36.72809982299805,136.8129119873047
2019-08-01,201.7100067138672,40.43880081176758,54.45695495605469,265.5487060546875,36.56871795654297,135.5455322265625
2019-08-02,202.6699981689453,40.01969909667969,53.716495513916016,263.5492248535156,36.31553649902344,134.44894409179688
2019-08-05,197.72999572753906,38.573402404785156,51.40019226074219,255.6235809326172,35.23722457885742,130.4580841064453
2019-08-06,200.5500030517578,39.09111022949219,52.21659851074219,259.2081298828125,35.72481155395508,132.15689086914062
2019-08-07,198.2100067138672,39.26367950439453,52.50138854980469,259.3612365722656,35.79044723510742,132.30072021484375
2019-08-08,200.52000427246094,39.822479248046875,53.84465408325195,264.449951171875,36.53119659423828,134.81747436523438
2019-08-09,199.0500030517578,39.43625259399414,52.91433334350586,262.648681640625,36.31553649902344,133.85568237304688
2019-08-12,197.17999267578125,38.893898010253906,52.28779602050781,259.4513244628906,35.89359664916992,132.20187377929688
2019-08-13,198.77999877929688,39.370513916015625,53.787696838378906,263.48626708984375,36.4093017578125,134.0894012451172
2019-08-14,195.80999755859375,38.318660736083984,52.05521011352539,255.69554138183594,35.3591194152832,130.2153778076172
2019-08-15,198.30999755859375,38.556968688964844,51.998252868652344,256.3710632324219,35.518524169921875,130.4580841064453
2019-08-16,199.72000122070312,39.0828971862793,53.270320892333984,260.1537780761719,35.98735809326172,132.435546875
2019-08-19,200.94000244140625,39.214385986328125,54.14842987060547,263.2880554199219,36.42805862426758,134.00856018066406
2019-08-20,198.14999389648438,39.29655456542969,53.839908599853516,261.27069091796875,36.14675521850586,132.98387145996094
2019-08-21,199.24000549316406,39.65812301635742,54.3905029296875,263.39617919921875,36.493690490722656,134.1073760986328
2019-08-22,201.00999450683594,39.14863586425781,54.319313049316406,263.3150939941406,36.418678283691406,133.99046325683594
2019-08-23,197.16000366210938,38.614498138427734,52.0694465637207,256.55126953125,35.5091438293457,130.6109161376953
2019-08-26,200.1999969482422,38.778839111328125,52.605812072753906,259.3883361816406,35.931095123291016,131.9321746826172
2019-08-27,198.35000610351562,38.836368560791016,52.48240280151367,258.3705749511719,35.89359664916992,131.32101440429688
2019-08-28,200.4499969482422,38.94319534301758,52.81940460205078,260.1898498535156,36.081119537353516,132.25575256347656
2019-08-29,203.1999969482422,39.39516067504883,53.963321685791016,263.51324462890625,36.503082275390625,134.00856018066406
2019-08-30,203.41000366210938,39.66635513305664,54.309814453125,263.39617919921875,36.474945068359375,133.96356201171875
2019-09-03,200.89999389648438,39.42803192138672,53.4506950378418,261.8560485839844,36.22176742553711,133.0916748046875
2019-09-04,202.19000244140625,40.11009979248047,55.02654266357422,264.8282470703125,36.60622024536133,134.51185607910156
2019-09-05,204.24000549316406,40.570281982421875,56.69731903076172,268.2326965332031,37.08440399169922,136.3095245361328
2019-09-06,204.72999572753906,40.718196868896484,56.74478530883789,268.4398498535156,37.08440399169922,136.33651733398438
2019-09-09,206.6199951171875,40.82502746582031,56.96312713623047,268.57501220703125,36.82187271118164,136.4174041748047
2019-09-10,208.30999755859375,40.84968185424805,57.07704162597656,268.5119323730469,36.60622024536133,136.55223083496094
2019-09-11,210.91000366210938,41.161956787109375,57.803260803222656,270.4212646484375,36.84062576293945,137.66680908203125
2019-09-12,211.3699951171875,41.44134521484375,57.8934440612793,271.3579406738281,37.037532806396484,138.0802764892578
2019-09-13,213.61000061035156,41.64678955078125,57.864967346191406,271.1778564453125,36.97189712524414,137.9453887939453
2019-09-16,210.3300018310547,41.342742919921875,57.47574996948242,270.34014892578125,36.82187271118164,137.66552734375
2019-09-17,210.14999389648438,41.318084716796875,57.708335876464844,271.02471923828125,36.97189712524414,137.9996337890625
2019-09-18,210.89999389648438,41.1455078125,57.77003479003906,271.18682861328125,36.97189712524414,137.9815673828125
2019-09-19,209.22000122070312,40.964725494384766,57.537452697753906,271.1688537597656,37.08440399169922,137.8912353515625
2019-09-20,208.1199951171875,41.02224349975586,56.459991455078125,269.8875732421875,36.868751525878906,137.2862548828125
2019-09-23,207.9600067138672,41.09620666503906,56.94413375854492,269.8242492675781,36.83299255371094,137.35853576660156
2019-09-24,206.39999389648438,40.68532943725586,56.0992546081543,267.7070007324219,36.50361633300781,136.08531188964844
2019-09-25,208.11000061035156,40.63602066040039,57.05805587768555,269.29034423828125,36.748294830322266,136.9431610107422
2019-09-26,206.89999389648438,40.63602066040039,57.25741195678711,268.7294921875,36.710662841796875,136.52777099609375
2019-09-27,207.4499969482422,40.12653350830078,55.899898529052734,267.28179931640625,36.39069366455078,135.71514892578125
2019-09-30,208.02000427246094,40.28266143798828,56.54542541503906,268.52130126953125,36.59773254394531,136.34719848632812
2019-10-01,206.7100067138672,40.07722473144531,56.16096115112305,265.3274230957031,36.16484832763672,134.56837463378906
2019-10-02,203.10000610351562,39.756736755371094,55.24488067626953,260.6404113769531,35.54374313354492,132.38319396972656
2019-10-03,204.97999572753906,40.27444839477539,56.09450912475586,262.7757873535156,35.90135192871094,133.45774841308594
2019-10-04,208.0800018310547,40.447017669677734,57.081787109375,266.3316955566406,36.40011215209961,135.20040893554688
2019-10-07,207.24000549316406,40.08544158935547,56.7969970703125,265.1826171875,36.24954605102539,134.6676483154297
2019-10-08,204.08999633789062,39.81425857543945,55.306583404541016,261.0656433105469,35.67549514770508,132.49159240722656
2019-10-09,206.69000244140625,40.12653350830078,56.279624938964844,263.5447998046875,36.01426696777344,133.71054077148438
2019-10-10,206.86000061035156,40.50454330444336,56.815982818603516,265.3274230957031,36.21188735961914,134.56837463378906
2019-10-11,208.0800018310547,41.112640380859375,58.11178207397461,268.0779724121094,36.531856536865234,136.01309204101562
2019-10-14,207.91000366210938,41.00581741333008,58.197227478027344,267.7793273925781,36.47539520263672,135.88668823242188
2019-10-15,209.3800048828125,41.318084716796875,59.355377197265625,270.43048095703125,36.86122512817383,137.2230682373047
2019-10-16,209.2899932861328,41.433128356933594,58.491512298583984,269.9962463378906,36.80475997924805,136.97027587890625
2019-10-17,208.6199951171875,41.58926010131836,58.52947998046875,270.7924499511719,36.88004684448242,137.4217071533203
2019-10-18,208.75999450683594,41.40848159790039,57.95514678955078,269.6070861816406,36.60713577270508,136.8709259033203
2019-10-21,211.49000549316406,41.84400939941406,59.04210662841797,271.434814453125,36.814170837402344,137.7648162841797
2019-10-22,210.6199951171875,41.87688064575195,58.59592819213867,270.5481262207031,36.494205474853516,137.34950256347656
2019-10-23,210.9600067138672,41.885093688964844,57.57543182373047,271.3352966308594,36.588314056396484,137.62936401367188
2019-10-24,210.25999450683594,41.90974426269531,59.09906768798828,271.77862548828125,36.77653503417969,138.00863647460938
2019-10-25,211.8000030517578,42.1480598449707,60.295188903808594,272.8915100097656,36.88004684448242,138.55943298339844
2019-10-28,212.86000061035156,42.427459716796875,61.21127700805664,274.4296875,37.1435432434082,139.3992462158203
2019-10-29,213.00999450683594,42.17271041870117,60.793575286865234,274.3483581542969,37.134124755859375,139.37213134765625
2019-10-30,213.25,42.36171340942383,60.86002731323242,275.1898498535156,37.33175277709961,139.70623779296875
2019-10-31,212.5800018310547,42.04944610595703,60.51353073120117,274.456787109375,37.237648010253906,139.21859741210938
2019-11-01,215.8300018310547,42.698638916015625,61.76186752319336,276.9994201660156,37.444679260253906,140.70848083496094
2019-11-04,217.97999572753906,43.08486557006836,63.076656341552734,278.1123962402344,37.49172592163086,141.22320556640625
2019-11-05,220.8800048828125,43.31495666503906,63.10988998413086,277.8047180175781,37.38822555541992,141.0967559814453
2019-11-06,222.0,43.15883255004883,62.72541046142578,277.8680419921875,37.407039642333984,141.0335693359375
2019-11-07,222.74000549316406,43.48752975463867,63.09565353393555,278.8452453613281,37.48232650756836,141.5121612548828
2019-11-08,221.30999755859375,43.09308624267578,63.228546142578125,279.532958984375,37.5670280456543,141.90943908691406
2019-11-11,220.85000610351562,42.82190704345703,62.972232818603516,278.9990234375,37.52937698364258,141.62948608398438
2019-11-12,220.88999938964844,42.53429412841797,63.10513687133789,279.587158203125,37.614070892333984,141.87330627441406
2019-11-13,219.77000427246094,42.20558166503906,63.21430206298828,279.6777038574219,37.67052459716797,141.93653869628906
2019-11-14,219.36000061035156,42.2548942565918,63.10039520263672,280.08477783203125,37.75522232055664,142.08102416992188
2019-11-15,219.74000549316406,42.583587646484375,63.74117660522461,282.11163330078125,38.018733978271484,143.1645965576172
2019-11-18,219.35000610351562,42.55072784423828,63.77914047241211,282.3196716308594,38.028133392333984,143.24583435058594
2019-11-19,219.02999877929688,42.60002899169922,63.56079864501953,282.2383117675781,38.14106369018555,143.2909698486328
2019-11-20,217.47999572753906,42.386375427246094,62.93901824951172,281.18865966796875,38.037540435791016,142.83949279785156
2019-11-21,216.6300048828125,42.33706283569336,62.25075912475586,280.7362976074219,37.94343185424805,142.47830200195312
2019-11-22,217.9600067138672,42.34528732299805,62.1415901184082,281.36065673828125,37.97167205810547,142.79434204101562
2019-11-25,219.05999755859375,42.747947692871094,63.575035095214844,283.541259765625,38.2728157043457,144.14877319335938
2019-11-26,218.89999389648438,42.60824203491211,63.37093734741211,284.18365478515625,38.470428466796875,144.455810546875
2019-11-27,220.5,42.67398452758789,63.79813766479492,285.4504089355469,38.65864944458008,145.1420135498047
2019-11-29,220.3000030517578,42.04944610595703,63.086158752441406,284.3917541503906,38.51749038696289,144.491943359375
2019-12-02,220.3300018310547,42.04944610595703,62.26499938964844,281.97589111328125,38.13164520263672,143.1826629638672
2019-12-03,218.0800018310547,41.81113815307617,61.391639709472656,280.08477783203125,37.952857971191406,142.33384704589844
2019-12-04,218.39999389648438,42.1480598449707,62.293479919433594,281.81298828125,38.16929244995117,143.25486755371094
2019-12-05,219.60000610351562,42.32884216308594,62.66845703125,282.3196716308594,38.1881217956543,143.4625244140625
2019-12-06,222.61000061035156,42.55072784423828,63.5987663269043,284.8984680175781,38.47983932495117,144.73573303222656
2019-12-09,221.3800048828125,42.37815475463867,63.171592712402344,284.00262451171875,38.37633514404297,144.2751922607422
2019-12-10,221.25999450683594,42.484981536865234,63.42314910888672,283.68597412109375,38.30105209350586,144.14877319335938
2019-12-11,222.57000732421875,43.06843185424805,64.78064727783203,284.4913635253906,38.44219207763672,144.491943359375
2019-12-12,225.9199981689453,43.80801010131836,66.64129638671875,286.9433288574219,38.66805648803711,145.67477416992188
2019-12-13,225.3699951171875,43.82445526123047,66.3849868774414,287.1152648925781,38.75275421142578,145.67477416992188
2019-12-16,226.85000610351562,44.161563873291016,66.92610931396484,289.0877380371094,39.00684356689453,146.74029541015625
2019-12-17,227.0500030517578,44.55669021606445,67.30582427978516,289.15106201171875,38.969200134277344,146.79446411132812
2019-12-18,225.00999450683594,44.792083740234375,67.07323455810547,289.1691589355469,38.99742126464844,146.85768127441406
2019-12-19,225.2100067138672,44.80049514770508,67.46244812011719,290.3544921875,39.21387481689453,147.49879455566406
2019-12-20,226.30999755859375,44.84253692626953,68.11272430419922,291.6274719238281,39.43030548095703,148.2572784423828
2019-12-23,225.47999572753906,44.91819381713867,68.45093536376953,292.07305908203125,39.46809768676758,148.3475799560547
2019-12-24,225.47000122070312,44.84253692626953,68.59064483642578,292.0821533203125,39.48698425292969,148.38021850585938
2019-12-26,226.4499969482422,45.195621490478516,68.77372741699219,293.6369323730469,39.798736572265625,149.09744262695312
2019-12-27,226.13999938964844,45.38898468017578,68.53765106201172,293.56414794921875,39.798736572265625,148.96127319335938
2019-12-30,225.75999450683594,45.06951904296875,68.04142761230469,291.9456481933594,39.524776458740234,148.1532440185547
2019-12-31,226.5,45.195621490478516,68.1281509399414,292.65484619140625,39.59090805053711,148.54364013671875
2020-01-02,228.38999938964844,46.12879180908203,69.70355987548828,295.3916931152344,40.148258209228516,149.77835083007812
2020-01-03,226.17999267578125,45.31331253051758,68.5617446899414,293.1549072265625,39.85541534423828,148.82508850097656
2020-01-06,226.99000549316406,45.145172119140625,67.82943725585938,294.2734375,40.04435348510742,149.33351135253906
2020-01-07,225.9199981689453,45.145172119140625,68.96163177490234,293.44598388671875,40.00656509399414,148.9794158935547
2020-01-08,225.99000549316406,45.33013153076172,69.07723999023438,295.00982666015625,40.261619567871094,149.71478271484375
2020-01-09,228.64999389648438,45.66641616821289,69.4722900390625,297.01025390625,40.65838623046875,150.64988708496094
2020-01-10,226.6199951171875,45.91020584106445,68.89417266845703,296.1555480957031,40.53557586669922,150.21412658691406
2020-01-13,228.4499969482422,46.60797882080078,69.85771942138672,298.1922912597656,40.95122146606445,151.24002075195312
2020-01-14,227.1699981689453,46.36418533325195,70.00225067138672,297.7376708984375,40.800071716308594,151.1582794189453
2020-01-15,228.35000610351562,46.002685546875,68.9664306640625,298.4105224609375,40.913448333740234,151.53048706054688
2020-01-16,229.72999572753906,46.305335998535156,70.079345703125,300.892822265625,41.27239990234375,152.82872009277344
2020-01-17,230.1999969482422,46.582767486572266,70.36840057373047,301.829345703125,41.508575439453125,153.21002197265625
2020-01-21,228.6300048828125,45.44783401489258,70.42622375488281,301.2383117675781,41.470794677734375,152.8832244873047
2020-01-22,229.5399932861328,45.809329986572266,71.00435638427734,301.27471923828125,41.46133804321289,152.9739990234375
2020-01-23,229.3800048828125,45.380577087402344,71.44759368896484,301.6202697753906,41.56526184082031,153.14649963378906
2020-01-24,226.86000061035156,45.035888671875,71.13443756103516,298.9378356933594,41.19684600830078,151.6938934326172
2020-01-27,222.4499969482422,43.51424026489258,68.26785278320312,294.14605712890625,40.4788932800293,149.41519165039062
2020-01-28,224.02999877929688,43.9429931640625,69.97816467285156,297.22845458984375,41.05513000488281,150.8586883544922
2020-01-29,224.5,44.05228042602539,68.91344451904297,296.9830322265625,41.12126159667969,150.75880432128906
2020-01-30,227.8800048828125,43.38813018798828,68.75444793701172,297.94677734375,41.234619140625,151.12197875976562
2020-01-31,224.42999267578125,42.5306282043457,66.27812957763672,292.5366516113281,40.51667022705078,148.452880859375
2020-02-03,223.47000122070312,42.925750732421875,67.1838607788086,294.7098693847656,40.95122146606445,149.7601776123047
2020-02-04,225.0800018310547,44.085906982421875,69.34703826904297,299.2015686035156,41.68806076049805,152.12063598632812
2020-02-05,228.64999389648438,44.346527099609375,70.72492218017578,302.65673828125,41.90534210205078,153.61856079101562
2020-02-06,229.61000061035156,44.329708099365234,70.77308654785156,303.67510986328125,42.18873596191406,154.0452880859375
2020-02-07,227.3800048828125,43.74121856689453,69.15433502197266,302.05670166015625,41.96200942993164,153.16465759277344
2020-02-10,227.11000061035156,43.96820831298828,70.2431411743164,304.3116455078125,42.45323181152344,154.2904052734375
2020-02-11,227.3300018310547,44.539886474609375,71.7270278930664,304.83892822265625,42.415462493896484,154.71705627441406
2020-02-12,227.44000244140625,45.103145599365234,72.7387466430664,306.80303955078125,42.75552749633789,155.68846130371094
2020-02-13,226.47000122070312,44.51466369628906,72.91219329833984,306.4756774902344,42.70829772949219,155.62496948242188
2020-02-14,226.8000030517578,44.53147888183594,72.59904479980469,306.9666748046875,42.887779235839844,155.87916564941406
2020-02-18,226.77000427246094,44.23722839355469,71.51022338867188,306.17559814453125,42.79331588745117,155.51602172851562
2020-02-19,229.24000549316406,44.58191680908203,73.35060119628906,307.6395263671875,43.105064392089844,156.30587768554688
2020-02-20,228.1699981689453,43.88414764404297,72.19435119628906,306.37567138671875,42.81222152709961,155.833740234375
2020-02-21,229.3300018310547,43.64033889770508,70.07453918457031,303.22064208984375,42.16985321044922,154.23593139648438
2020-02-24,221.69000244140625,42.00098419189453,66.89960479736328,293.1640319824219,40.648929595947266,149.1610107421875
2020-02-25,218.0500030517578,41.6899299621582,64.97249603271484,284.2806091308594,39.4964485168457,144.60357666015625
2020-02-26,216.05999755859375,41.975772857666016,65.36273193359375,283.23492431640625,39.524776458740234,143.8046417236328
2020-02-27,207.6699981689453,40.975345611572266,62.35163116455078,270.5143127441406,37.63545227050781,137.5041046142578
2020-02-28,206.33999633789062,40.95012283325195,63.580162048339844,269.37786865234375,37.692138671875,136.5780792236328
2020-03-02,217.6300048828125,41.69833755493164,65.78189086914062,281.0436706542969,39.4492073059082,142.2340545654297
2020-03-03,208.80999755859375,41.479759216308594,63.6235237121582,272.99658203125,38.240047454833984,138.56629943847656
2020-03-04,217.86000061035156,42.12709426879883,66.88514709472656,284.4715881347656,39.85541534423828,144.10423278808594
2020-03-05,208.9600067138672,41.26118087768555,64.78461456298828,275.0152893066406,38.56121063232422,139.3016815185547
2020-03-06,205.97999572753906,40.45411682128906,63.53681182861328,270.4689025878906,37.87161636352539,136.71424865722656
2020-03-09,193.1300048828125,37.63779830932617,58.25170135498047,249.34677124023438,35.07540512084961,125.73825073242188
2020-03-10,202.72999572753906,39.571380615234375,61.840946197509766,262.2491455078125,37.09700012207031,131.9752197265625
2020-03-11,194.63999938964844,37.747093200683594,58.502235412597656,249.4649658203125,35.273780822753906,125.29341888427734
2020-03-12,175.97000122070312,33.82946014404297,52.325843811035156,225.59689331054688,32.09025955200195,113.10997009277344
2020-03-13,196.39999389648438,36.21702575683594,57.398963928222656,244.88230895996094,35.08485794067383,123.40507507324219
2020-03-16,177.77000427246094,31.626842498779297,49.1268424987793,218.08639526367188,30.881092071533203,109.36054229736328
2020-03-17,187.60000610351562,33.86309051513672,53.1063232421875,229.86129760742188,32.524810791015625,114.84397888183594
2020-03-18,172.44000244140625,30.91225242614746,48.69324493408203,218.22276306152344,31.16449546813965,108.2257080078125
2020-03-19,174.67999267578125,30.996318817138672,49.555625915527344,218.6864471435547,31.485687255859375,109.02462005615234
2020-03-20,170.05999755859375,31.256942749023438,48.68842697143555,209.26235961914062,30.153703689575195,104.57611846923828
2020-03-23,162.1300048828125,30.44987678527832,50.49509048461914,203.91189575195312,29.62812042236328,101.5983657836914
2020-03-24,178.1999969482422,32.652488708496094,55.707916259765625,222.38697814941406,32.27500915527344,111.23978424072266
2020-03-25,180.47000122070312,33.80423355102539,55.28877258300781,225.7161407470703,32.455265045166016,112.77406311035156
2020-03-26,183.89999389648438,35.30067443847656,58.641944885253906,238.89569091796875,34.400108337402344,119.62047576904297
2020-03-27,179.66000366210938,33.283016204833984,55.39958190917969,231.78001403808594,33.18576431274414,115.80677032470703
2020-03-30,183.17999267578125,33.86309051513672,57.57239532470703,239.30722045898438,34.362159729003906,119.31940460205078
2020-03-31,182.8300018310547,34.022823333740234,56.43540954589844,235.74024963378906,33.90678405761719,117.61326599121094
2020-04-01,175.9499969482422,32.64408874511719,53.63627624511719,225.1307830810547,32.4078254699707,112.18465423583984
2020-04-02,179.72999572753906,33.72857666015625,55.08161163330078,230.3258056640625,33.11935806274414,114.52032470703125
2020-04-03,178.33999633789062,33.13168716430664,53.97834396362305,226.99659729003906,32.673465728759766,112.56787109375
2020-04-06,185.24000549316406,34.79625701904297,59.345340728759766,242.24307250976562,35.054718017578125,120.44158935546875
2020-04-07,185.25,35.02325439453125,59.162269592285156,242.49012756347656,34.95985412597656,120.57847595214844
2020-04-08,191.00999450683594,35.46040344238281,61.12310028076172,250.6300811767578,35.95599365234375,124.81182861328125
2020-04-09,193.83999633789062,35.36792755126953,59.67776870727539,254.4440460205078,36.27854919433594,127.14752197265625
2020-04-13,188.77000427246094,35.35951614379883,60.458248138427734,252.1209259033203,36.15522384643555,125.63298034667969
2020-04-14,192.94000244140625,36.16658401489258,63.10319519042969,259.55670166015625,37.540340423583984,129.4466552734375
2020-04-15,188.57000732421875,35.30908203125,61.40253448486328,254.0416259765625,36.914188385009766,126.40850830078125
2020-04-16,187.9600067138672,35.51084518432617,63.03093719482422,255.2671356201172,37.29367446899414,127.00149536132812
2020-04-17,191.1999969482422,36.25906753540039,63.64760971069336,262.1632385253906,38.0241813659668,130.5962371826172
2020-04-20,188.75,35.83030319213867,62.29863739013672,257.54449462890625,37.435977935791016,128.47952270507812
2020-04-21,183.47999572753906,34.83829116821289,59.50914001464844,249.72462463378906,36.19317626953125,124.49251556396484
2020-04-22,186.5800018310547,35.76305389404297,62.87195587158203,255.2671356201172,37.17982864379883,127.30259704589844
2020-04-23,185.6300048828125,35.68739318847656,62.2938232421875,255.24879455566406,37.17033767700195,127.32085418701172
2020-04-24,186.52000427246094,35.63695526123047,63.55125045776367,258.8067321777344,37.72059631347656,129.2185821533203
2020-04-27,187.4600067138672,36.36835479736328,64.33654022216797,262.5382080078125,38.08110046386719,131.5086212158203
2020-04-28,187.1199951171875,36.45242691040039,63.907779693603516,261.3309631347656,37.63520812988281,131.09805297851562
2020-04-29,189.61000061035156,37.452850341796875,66.90924835205078,268.1722106933594,38.82109832763672,134.81137084960938
2020-04-30,187.36000061035156,36.70463180541992,64.42809295654297,265.6753845214844,38.74519729614258,133.0596466064453
2020-05-01,182.6699981689453,35.46040344238281,61.39289855957031,258.64208984375,37.739566802978516,129.38282775878906
2020-05-04,177.9499969482422,35.86393737792969,62.072200775146484,259.3554992675781,38.00521469116211,129.87545776367188
2020-05-05,176.02999877929688,36.03207778930664,62.881591796875,261.7516784667969,38.44160842895508,131.07981872558594
2020-05-06,172.3800048828125,35.92277908325195,63.61870574951172,259.97735595703125,38.46059036254883,130.35903930664062
2020-05-07,173.47999572753906,36.242244720458984,64.19684600830078,263.1144714355469,38.97288131713867,132.06521606445312
2020-05-08,176.8300018310547,36.95683670043945,65.83489227294922,267.46807861328125,39.485191345214844,134.54681396484375
2020-05-11,174.63999938964844,36.72144317626953,65.86861419677734,267.5229187011719,39.69390869140625,134.56503295898438
2020-05-12,172.80999755859375,36.60374069213867,64.05712890625,262.1907043457031,38.88750076293945,131.70022583007812
2020-05-13,170.57000732421875,36.49445724487305,62.920135498046875,257.5536804199219,38.3657112121582,129.0543670654297
2020-05-14,170.92999267578125,36.645782470703125,64.68343353271484,260.6358337402344,38.74519729614258,130.44113159179688
2020-05-15,169.25,36.16658401489258,63.20919418334961,261.8340759277344,39.00135040283203,131.22581481933594
2020-05-18,175.4600067138672,37.50328826904297,65.93123626708984,269.8094177246094,39.950042724609375,135.57778930664062
2020-05-19,172.49000549316406,37.209041595458984,65.68553161621094,267.03814697265625,39.712886810302734,134.13623046875
2020-05-20,176.02000427246094,37.68824005126953,68.06551361083984,271.57464599609375,40.481319427490234,136.61788940429688
2020-05-21,174.94000244140625,37.34355545043945,66.34075164794922,269.69964599609375,40.111324310302734,135.79676818847656
2020-05-22,174.92999267578125,36.595333099365234,66.48046875,270.2118225097656,40.25364685058594,136.179931640625
2020-05-26,180.33999633789062,37.444435119628906,67.05377960205078,273.54107666015625,40.42441177368164,138.0776824951172
2020-05-27,185.77000427246094,37.53691482543945,68.06551361083984,277.61102294921875,40.76593780517578,140.2581787109375
2020-05-28,185.10000610351562,37.3099250793457,66.61054229736328,277.0988464355469,40.77541732788086,139.77468872070312
2020-05-29,185.5800018310547,37.864784240722656,67.94506072998047,278.3336181640625,41.03158950805664,140.239990234375
2020-06-01,183.83999633789062,38.739112854003906,67.8438949584961,279.45855712890625,41.2592658996582,141.18887329101562
2020-06-02,185.94000244140625,39.68068313598633,69.17842102050781,281.7724914550781,41.57234191894531,142.25631713867188
2020-06-03,190.82000732421875,40.56340408325195,71.08625793457031,285.5224304199219,41.9328498840332,144.47340393066406
2020-06-04,192.0500030517578,40.0169563293457,71.87155151367188,284.7723388671875,41.59130859375,144.01719665527344
2020-06-05,200.66000366210938,41.05941390991211,73.5674057006836,292.07098388671875,42.54950714111328,147.71226501464844
2020-06-08,201.55999755859375,41.41250991821289,73.34578704833984,295.6014404296875,42.853092193603516,149.71946716308594
2020-06-09,196.07000732421875,41.1014518737793,73.4806900024414,293.39715576171875,42.891048431396484,148.3509063720703
2020-06-10,191.50999450683594,41.38727951049805,73.85648345947266,291.7599792480469,43.11872863769531,147.24697875976562
2020-06-11,178.02000427246094,39.19308853149414,69.32295227050781,274.9403381347656,40.84184265136719,138.56121826171875
2020-06-12,181.2100067138672,40.08420944213867,70.30096435546875,278.23297119140625,41.26875686645508,140.47718811035156
2020-06-15,181.5500030517578,39.69901657104492,71.21151733398438,280.8304443359375,41.64824295043945,141.9825897216797
2020-06-16,182.3000030517578,39.962032318115234,72.32442474365234,286.2357482910156,42.511566162109375,144.7105712890625
2020-06-17,180.86000061035156,40.335350036621094,73.09046173095703,285.0467834472656,42.502071380615234,144.0080108642578
2020-06-18,180.72999572753906,40.35232162475586,72.9892807006836,285.156494140625,42.54950714111328,144.12667846679688
2020-06-19,179.72000122070312,40.377777099609375,72.647216796875,283.52685546875,42.40719985961914,143.3146514892578
2020-06-22,180.1699981689453,40.86988067626953,73.31207275390625,285.3457946777344,42.877166748046875,144.30911254882812
2020-06-23,181.00999450683594,41.217750549316406,73.55296325683594,286.6593933105469,43.1530647277832,144.87478637695312
2020-06-24,177.52999877929688,40.683223724365234,72.01126098632812,279.34710693359375,42.15415573120117,140.9425048828125
2020-06-25,178.85000610351562,40.8529052734375,72.502685546875,282.34185791015625,42.57273864746094,142.647216796875
2020-06-26,175.3699951171875,40.403228759765625,71.1440658569336,275.6358337402344,41.507232666015625,139.32940673828125
2020-06-29,177.19000244140625,40.58988571166992,71.86674499511719,279.6869812011719,42.03047561645508,141.37322998046875
2020-06-30,178.50999450683594,40.386260986328125,73.61559295654297,283.2696533203125,42.734458923339844,143.46295166015625
2020-07-01,177.99000549316406,40.91230010986328,72.7724838256836,285.2538757324219,43.1530647277832,144.29696655273438
2020-07-02,178.8300018310547,41.83710861206055,73.88539123535156,286.8247985839844,43.37187194824219,144.87435913085938
2020-07-06,182.72000122070312,43.610374450683594,75.92330169677734,291.2525634765625,44.25662612915039,147.156494140625
2020-07-07,181.14999389648438,42.872222900390625,74.97901916503906,288.2487487792969,43.847537994384766,145.66258239746094
2020-07-08,181.1999969482422,43.93278503417969,76.05339050292969,290.453369140625,44.35174560546875,146.85409545898438
2020-07-09,178.8000030517578,43.898841857910156,77.37345886230469,288.7998962402344,44.45640182495117,145.9467010498047
2020-07-10,182.89999389648438,43.66127395629883,77.0699234008789,291.7486572265625,44.68472671508789,147.5139617919922
2020-07-13,184.1300048828125,43.43220138549805,75.96184539794922,289.2223205566406,43.961708068847656,145.91917419433594
2020-07-14,189.7100067138672,43.49159240722656,77.23855590820312,292.9704895019531,44.45640182495117,147.834716796875
2020-07-15,190.55999755859375,43.62734603881836,76.88685607910156,295.6620178222656,44.76082992553711,149.6678009033203
2020-07-16,191.00999450683594,43.024940490722656,76.82904052734375,294.6883239746094,44.503971099853516,148.99868774414062
2020-07-17,190.75999450683594,43.24553680419922,77.18556213378906,295.5426025390625,44.608612060546875,149.56690979003906
2020-07-20,190.47999572753906,43.830970764160156,78.72724151611328,297.93109130859375,45.4648323059082,150.7126007080078
2020-07-21,192.27000427246094,44.25519561767578,78.33219146728516,298.5649108886719,45.24602127075195,151.14337158203125
2020-07-22,192.10000610351562,44.08550262451172,78.90550994873047,300.26434326171875,45.54094314575195,151.93157958984375
2020-07-23,193.25,43.746131896972656,77.60470581054688,296.6817321777344,44.627647399902344,150.272705078125
2020-07-24,194.52000427246094,43.68674087524414,76.82422637939453,294.77093505859375,44.38030242919922,149.10870361328125
2020-07-27,192.13999938964844,44.34852981567383,79.92205810546875,296.92059326171875,44.91304397583008,150.3917694091797
2020-07-28,194.1199951171875,43.9412727355957,77.84559631347656,295.0374450683594,44.48493957519531,149.29197692871094
2020-07-29,196.41000366210938,44.67942810058594,79.8064193725586,298.6658630371094,45.036720275878906,151.27171325683594
2020-07-30,194.3000030517578,44.15338134765625,80.5580062866211,297.600341796875,45.09381103515625,150.9325714111328
2020-07-31,195.77999877929688,43.8734016418457,80.08103942871094,299.9520568847656,45.750244140625,151.70245361328125
2020-08-03,199.25999450683594,44.19580841064453,81.5071029663086,302.0373840332031,46.20687484741211,153.02223205566406
2020-08-04,200.24000549316406,44.713356018066406,82.69226837158203,303.20404052734375,46.35908508300781,153.62713623046875
2020-08-05,203.6199951171875,45.273338317871094,82.76454162597656,305.08721923828125,46.634986877441406,154.74526977539062
2020-08-06,205.02000427246094,45.400604248046875,82.6200180053711,307.1265563964844,47.167747497558594,155.49681091308594
2020-08-07,209.47999572753906,44.543663024902344,81.67090606689453,307.34698486328125,46.87281799316406,155.6251678466797
2020-08-10,212.5800018310547,44.67094039916992,81.72871398925781,308.265625,46.787208557128906,156.05592346191406
2020-08-11,212.66000366210938,44.526702880859375,80.57246398925781,305.7210693359375,46.25444412231445,154.8002471923828
2020-08-12,213.24000549316406,45.07819366455078,83.10661315917969,309.9836120605469,47.082115173339844,156.87161254882812
2020-08-13,211.97999572753906,44.92547607421875,82.31648254394531,309.4231262207031,47.186763763427734,156.75247192382812
2020-08-14,210.9600067138672,44.891536712646484,82.22976684570312,309.432373046875,47.129676818847656,156.7066650390625
2020-08-17,206.77999877929688,45.400604248046875,83.42938995361328,310.4152526855469,47.41510009765625,157.37570190429688
2020-08-18,208.3300018310547,45.400604248046875,82.91388702392578,311.0859069824219,47.738548278808594,157.61399841308594
2020-08-19,207.2100067138672,44.85759353637695,82.40802001953125,309.7906188964844,47.510231018066406,156.9999237060547
2020-08-20,206.1199951171875,44.662452697753906,81.74797821044922,310.75518798828125,47.947853088378906,157.4490203857422
2020-08-21,207.42999267578125,44.87456512451172,82.34056854248047,311.8575744628906,48.223731994628906,157.84312438964844
2020-08-24,212.61000061035156,45.400604248046875,83.07286834716797,315.0177001953125,48.6233024597168,159.35537719726562
2020-08-25,213.35000610351562,45.88422393798828,84.0123519897461,316.11993408203125,48.90870666503906,159.88693237304688
2020-08-26,214.66000366210938,45.9605827331543,84.47967529296875,319.2892761230469,49.83150100708008,161.33506774902344
2020-08-27,216.8699951171875,45.59574890136719,83.29450225830078,319.9874267578125,49.75539779663086,161.719970703125
2020-08-28,218.5500030517578,46.18966293334961,84.619384765625,322.05438232421875,50.06934356689453,162.8473358154297
2020-08-31,218.0399932861328,45.22243118286133,84.48930358886719,320.88763427734375,50.06934356689453,162.48072814941406
2020-09-01,218.5500030517578,46.01149368286133,86.1466293334961,323.9099426269531,50.78285598754883,163.91964721679688
2020-09-02,221.67999267578125,45.867252349853516,88.43024444580078,328.5950927734375,51.420249938964844,166.1101531982422
2020-09-03,218.14999389648438,45.035770416259766,83.73291778564453,317.2867431640625,49.19410705566406,160.33609008789062
2020-09-04,218.32000732421875,45.061222076416016,82.58145904541016,314.69610595703125,48.52816390991211,158.97042846679688
2020-09-08,217.8000030517578,44.3145866394043,78.91995239257812,306.09771728515625,46.891841888427734,154.5070037841797
2020-09-09,219.6300048828125,44.891536712646484,81.17949676513672,312.1423034667969,48.10957336425781,157.53152465820312
2020-09-10,217.8000030517578,44.221256256103516,80.15811920166016,306.722412109375,47.186763763427734,154.9469451904297
2020-09-11,217.92999267578125,44.620033264160156,80.00395202636719,306.8785400390625,47.0535774230957,155.00193786621094
2020-09-14,219.94000244140625,45.366668701171875,81.80580139160156,310.9205627441406,47.662437438964844,157.42153930664062
2020-09-15,218.94000244140625,45.841793060302734,83.52574920654297,312.4914855957031,48.12860107421875,158.31971740722656
2020-09-16,219.58999633789062,45.74846649169922,82.49957275390625,311.2512512207031,47.59585189819336,157.7973175048828
2020-09-17,218.0500030517578,45.61271667480469,82.3116683959961,308.5137023925781,47.06309127807617,156.4958038330078
2020-09-18,218.2100067138672,45.23091125488281,81.06869506835938,304.9618835449219,46.425689697265625,154.97442626953125
2020-09-21,213.02000427246094,44.85759353637695,81.10723876953125,301.56781005859375,46.2207145690918,153.10470581054688
2020-09-22,214.16000366210938,44.48427963256836,81.7720718383789,304.6390686035156,46.97389602661133,154.62611389160156
2020-09-23,209.61000061035156,43.746131896972656,79.90279388427734,297.57415771484375,45.753543853759766,150.89588928222656
2020-09-24,208.72000122070312,43.57643508911133,80.60135650634766,298.367431640625,45.91563034057617,151.2167205810547
2020-09-25,210.4499969482422,43.56794357299805,81.5360107421875,303.191162109375,46.80228042602539,153.64991760253906
2020-09-28,213.5399932861328,44.093990325927734,83.60765075683594,308.2268371582031,47.61267852783203,156.43836975097656
2020-09-29,210.44000244140625,44.110958099365234,84.05089569091797,306.5482177734375,47.45060348510742,155.5640869140625
2020-09-30,212.94000244140625,44.79820251464844,83.92562866210938,308.8725280761719,47.774749755859375,156.7328643798828
2020-10-01,212.02000427246094,45.22243118286133,85.99726867675781,310.8553771972656,48.21331787109375,158.03961181640625
2020-10-02,211.17999267578125,44.67094039916992,83.41976165771484,307.904052734375,47.4315299987793,156.8064727783203
2020-10-05,212.36000061035156,45.26485824584961,86.26225280761719,313.3641662597656,48.30864334106445,159.63172912597656
2020-10-06,210.25999450683594,45.332725524902344,85.50585174560547,308.9093017578125,47.47918701171875,157.66232299804688
2020-10-07,213.2899932861328,45.83331298828125,87.33660888671875,314.2864074707031,48.365848541259766,160.41403198242188
2020-10-08,215.14999389648438,46.18966293334961,88.40616607666016,317.07177734375,48.670936584472656,161.8219757080078
2020-10-09,215.67999267578125,46.5460205078125,89.92375183105469,319.9033203125,49.3001823425293,163.18402099609375
2020-10-12,216.41000366210938,46.88539505004883,91.50880432128906,325.0497741699219,50.387054443359375,165.60433959960938
2020-10-13,212.30999755859375,46.673282623291016,91.23418426513672,322.92852783203125,50.18683624267578,164.73007202148438
2020-10-14,210.91000366210938,46.384803771972656,90.75241088867188,320.8993835449219,49.8626823425293,163.63494873046875
2020-10-15,211.64999389648438,46.01996612548828,90.40070343017578,320.50286865234375,49.662479400634766,163.69015502929688
2020-10-16,211.91000366210938,46.215118408203125,89.83702850341797,320.3092041015625,49.50040054321289,163.39564514160156
2020-10-19,208.99000549316406,46.12179183959961,89.393798828125,315.4393310546875,48.709075927734375,161.0581512451172
2020-10-20,210.05999755859375,46.647823333740234,89.466064453125,316.7029113769531,48.918827056884766,161.61952209472656
2020-10-21,210.17999267578125,46.82600021362305,88.89274597167969,316.1034240722656,48.84255599975586,161.0673370361328
2020-10-22,211.61000061035156,46.77509307861328,88.85902404785156,317.8372802734375,48.88068389892578,162.20851135253906
2020-10-23,212.7100067138672,47.021141052246094,88.64704132080078,318.91644287109375,49.0904426574707,162.74227905273438
2020-10-26,208.49000549316406,46.42723083496094,86.74884033203125,313.02294921875,48.21331787109375,159.7881622314453
2020-10-27,206.8800048828125,46.630859375,86.45014190673828,311.9438171386719,48.34678649902344,159.1439666748047
2020-10-28,200.6999969482422,45.51091003417969,83.66065216064453,301.2818908691406,46.52579116821289,153.8708038330078
2020-10-29,201.50999450683594,45.90967559814453,85.72747039794922,304.3439025878906,47.15503692626953,155.3248291015625
2020-10-30,201.89999389648438,45.366668701171875,84.28695678710938,301.1712341308594,46.325592041015625,153.677490234375
2020-11-02,204.30999755859375,45.98603439331055,84.94216918945312,304.54693603515625,46.640193939208984,155.27877807617188
2020-11-03,206.6300048828125,46.223602294921875,86.71029663085938,309.9239501953125,47.47918701171875,158.260498046875
2020-11-04,206.1699981689453,47.60657501220703,89.89002990722656,316.85052490234375,49.13810729980469,161.7115478515625
2020-11-05,207.4499969482422,48.4295768737793,93.46000671386719,323.02996826171875,50.25357437133789,165.0522003173828
2020-11-06,208.85000610351562,48.641693115234375,94.91014862060547,322.9561767578125,50.310787200927734,164.96932983398438
2020-11-09,221.5,49.0319709777832,93.87432861328125,327.0142517089844,50.06290054321289,166.9295196533203
2020-11-10,228.47999572753906,48.48896408081055,90.9692153930664,326.5347900390625,49.50993347167969,166.65347290039062
2020-11-11,227.3699951171875,48.76894760131836,94.16822052001953,328.9604187011719,50.23451614379883,168.0062713623047
2020-11-12,224.72000122070312,48.41260528564453,93.15165710449219,325.76922607421875,49.84362030029297,166.3498077392578
2020-11-13,227.4199981689453,49.082881927490234,94.52472686767578,330.27935791015625,50.34892654418945,168.70567321777344
2020-11-16,233.10000610351562,49.71921920776367,97.18414306640625,334.402099609375,50.7874755859375,170.76708984375
2020-11-17,233.16000366210938,49.668312072753906,96.06640625,332.6034851074219,50.53959655761719,170.38063049316406
2020-11-18,230.07000732421875,49.54104232788086,95.5894546508789,328.60076904296875,49.95803451538086,168.57681274414062
2020-11-19,229.52999877929688,49.64284896850586,96.8372573852539,329.9842834472656,50.23451614379883,169.5155487060547
2020-11-20,227.00999450683594,49.888912200927734,96.3458480834961,327.72442626953125,49.853153228759766,168.6228485107422
2020-11-23,229.5399932861328,50.05012130737305,97.82971954345703,329.68902587890625,49.900821685791016,170.0032958984375
2020-11-24,233.9199981689453,50.754329681396484,98.13805389404297,335.0014953613281,50.5109977722168,172.63528442382812
2020-11-25,233.1300048828125,50.50827407836914,98.13324737548828,334.4850158691406,50.61586380004883,172.57086181640625
2020-11-27,231.5500030517578,50.99188995361328,99.44847869873047,335.4165954589844,50.84469223022461,173.17825317382812
2020-11-30,228.91000366210938,49.736183166503906,100.50358581542969,333.9316101074219,50.81609344482422,171.8162384033203
2020-12-01,229.67999267578125,50.70341873168945,102.32952117919922,337.58392333984375,51.4453239440918,173.99729919433594
2020-12-02,230.4199981689453,50.796756744384766,102.7390365600586,338.2941589355469,51.37859344482422,174.14453125
2020-12-03,231.02000427246094,51.31430435180664,102.70049285888672,338.20196533203125,51.30232238769531,174.49427795410156
2020-12-04,231.35000610351562,51.84883117675781,105.69715118408203,341.116455078125,51.645538330078125,176.24276733398438
2020-12-07,229.24000549316406,51.81489181518555,106.29935455322266,340.4154357910156,51.702754974365234,176.0495147705078
2020-12-08,228.19000244140625,51.83186340332031,106.4390869140625,341.4115905761719,51.7980842590332,176.8133544921875
2020-12-09,227.50999450683594,51.4500617980957,103.14371490478516,338.34954833984375,51.083038330078125,175.0740203857422
2020-12-10,227.35000610351562,52.094886779785156,103.22081756591797,338.2388610839844,51.092567443847656,175.3317108154297
2020-12-11,226.38999938964844,51.76398849487305,102.38251495361328,337.84222412109375,51.12117385864258,175.01881408691406
2020-12-14,222.85000610351562,51.508975982666016,103.427978515625,336.3296813964844,51.092567443847656,174.52183532714844
2020-12-15,224.3800048828125,52.07566833496094,105.05155944824219,340.87664794921875,51.759952545166016,176.91455078125
2020-12-16,221.91000366210938,52.27314758300781,105.00820922851562,341.4115905761719,51.98876190185547,177.16305541992188
2020-12-17,224.67999267578125,52.668113708496094,104.98411560058594,343.3207702636719,52.322452545166016,178.55270385742188
2020-12-18,223.42999267578125,52.49639892578125,104.6227798461914,341.949951171875,52.20803451538086,178.04652404785156
2020-12-21,223.49000549316406,51.800907135009766,104.09496307373047,340.7273254394531,52.046539306640625,177.53118896484375
2020-12-22,221.8800048828125,51.43169403076172,103.91060638427734,340.1530456542969,52.18989562988281,177.56796264648438
2020-12-23,224.24000549316406,51.938289642333984,103.13439178466797,340.4587707519531,51.91273880004883,177.8716583251953
2020-12-24,226.52999877929688,51.792320251464844,104.2405014038086,341.783203125,52.1994514465332,178.16925048828125
2020-12-28,228.41000366210938,51.94688034057617,104.03189086914062,344.71942138671875,52.8302001953125,179.29649353027344
2020-12-29,229.57000732421875,52.62519073486328,103.7699203491211,344.061767578125,52.715511322021484,178.54806518554688
2020-12-30,229.64999389648438,53.3206787109375,105.68620300292969,344.552734375,52.65816879272461,179.02854919433594
2020-12-31,231.8699951171875,53.26915740966797,105.96272277832031,346.3033142089844,52.839744567871094,179.8509063720703
2021-01-04,228.4499969482422,53.6984748840332,106.17617797851562,341.5887145996094,52.084754943847656,177.29144287109375
2021-01-05,227.47000122070312,54.85761642456055,108.03424072265625,343.94134521484375,52.4001350402832,178.72360229492188
2021-01-06,230.27000427246094,54.45405960083008,107.70435333251953,345.9976806640625,51.95096969604492,180.33143615722656
2021-01-07,232.8800048828125,54.88337707519531,112.1481704711914,351.13824462890625,53.04999542236328,183.22357177734375
2021-01-08,234.02999877929688,56.274356842041016,111.74549865722656,353.1389465332031,53.613861083984375,184.1106719970703
2021-01-11,233.42999267578125,55.52734375,113.41920471191406,350.758544921875,52.94488525390625,183.01107788085938
2021-01-12,233.02999877929688,56.042518615722656,113.94801330566406,350.8325500488281,52.74418258666992,183.6578826904297
2021-01-13,234.50999450683594,56.15414047241211,113.33190155029297,351.7773132324219,53.011775970458984,183.8611602783203
2021-01-14,235.02000427246094,56.67790603637695,116.15050506591797,350.54547119140625,52.486148834228516,183.68556213378906
2021-01-15,233.49000549316406,55.92231750488281,113.8897933959961,347.9890441894531,52.20900344848633,182.08702087402344
2021-01-19,234.5500030517578,56.72941970825195,117.79996490478516,350.7214050292969,52.82063293457031,183.75025939941406
2021-01-20,234.75999450683594,57.72542953491211,117.30998229980469,355.574951171875,54.04391860961914,186.0695343017578
2021-01-21,234.16000366210938,57.92291259765625,119.12438201904297,355.8991394042969,54.35928726196289,185.93099975585938
2021-01-22,232.9199981689453,57.39915084838867,116.883056640625,354.639404296875,54.36884307861328,185.62603759765625
2021-01-25,233.00999450683594,57.81987380981445,117.34393310546875,356.0380554199219,54.80845260620117,186.15274047851562
2021-01-26,231.57000732421875,57.407737731933594,115.31607818603516,355.4822692871094,54.83713150024414,185.47816467285156
2021-01-27,227.36000061035156,55.87079620361328,109.6836929321289,346.794189453125,53.42272186279297,181.02447509765625
2021-01-28,230.9499969482422,56.265769958496094,111.97837829589844,349.77667236328125,53.6903076171875,182.44740295410156
2021-01-29,227.8699951171875,54.80609893798828,109.93595886230469,342.7742614746094,52.600833892822266,179.2503204345703
2021-02-01,229.32000732421875,56.34304428100586,114.24394226074219,348.4799499511719,53.747657775878906,182.308837890625
2021-02-02,232.24000549316406,57.124385833740234,115.80606842041016,353.4075012207031,54.54086685180664,184.9237823486328
2021-02-03,232.67999267578125,57.41632843017578,113.62781524658203,353.6854248046875,54.416629791259766,185.20098876953125
2021-02-04,235.77000427246094,57.424903869628906,114.94252014160156,357.705322265625,54.95180892944336,187.5480194091797
2021-02-05,235.16000366210938,57.8628044128418,114.10810852050781,359.11309814453125,55.13339614868164,188.60137939453125
2021-02-08,237.4199981689453,58.025943756103516,117.92124938964844,361.7066650390625,55.38187789916992,190.29229736328125
2021-02-09,239.91000366210938,58.5926399230957,117.57194519042969,361.4658203125,55.32452392578125,190.36627197265625
2021-02-10,239.9199981689453,58.79871368408203,117.87272644042969,361.3084411621094,55.2098503112793,190.28306579589844
2021-02-11,239.75999450683594,59.39116287231445,122.23892211914062,361.8918762207031,55.400978088378906,190.73585510253906
2021-02-12,242.4600067138672,59.47702407836914,123.49541473388672,363.6795959472656,55.71635437011719,191.7245635986328
2021-02-16,245.27999877929688,59.64015579223633,124.25222778320312,363.3646240234375,55.534786224365234,191.38267517089844
2021-02-17,245.25,59.631568908691406,121.84596252441406,363.44805908203125,55.39142608642578,190.98536682128906
2021-02-18,243.5,58.89316177368164,120.55066680908203,361.90118408203125,55.13339614868164,189.8857879638672
2021-02-19,241.85000610351562,59.28812026977539,123.15583038330078,361.2621154785156,54.78934860229492,190.32005310058594
2021-02-22,244.97000122070312,57.59663772583008,118.65380096435547,358.48333740234375,53.69987106323242,188.5089874267578
2021-02-23,245.52999877929688,57.8885612487793,117.51373291015625,358.9187316894531,53.585182189941406,188.48129272460938
2021-02-24,248.4499969482422,57.53653335571289,121.29291534423828,362.87371826171875,54.03435516357422,190.59727478027344
2021-02-25,243.69000244140625,56.2915153503418,114.5301742553711,354.1300354003906,52.45748519897461,185.61680603027344
2021-02-26,240.50999450683594,55.578861236572266,116.89276123046875,352.3052978515625,52.58171463012695,184.8776092529297
2021-03-01,249.2100067138672,57.04711151123047,120.40998077392578,360.84527587890625,53.94834899902344,189.6270294189453
2021-03-02,249.22000122070312,56.480411529541016,116.70841979980469,358.0295104980469,53.250694274902344,187.84368896484375
2021-03-03,251.5500030517578,56.394561767578125,113.03111267089844,353.28717041015625,51.95096969604492,185.13632202148438
2021-03-04,245.47999572753906,55.15813064575195,107.54424285888672,348.9153137207031,51.138641357421875,182.2071990966797
2021-03-05,253.14999389648438,55.673309326171875,110.99354553222656,355.3341064453125,51.96052932739258,185.4966583251953
2021-03-08,257.6099853515625,54.247989654541016,104.89543151855469,353.56500244140625,50.87104415893555,184.59117126464844
2021-03-09,259.0199890136719,55.3212776184082,111.10997772216797,358.6130676269531,52.419246673583984,187.45559692382812
2021-03-10,263.989990234375,55.16672134399414,108.85411834716797,360.84527587890625,52.428810119628906,188.79539489746094
2021-03-11,260.9100036621094,56.84962463378906,113.42891693115234,364.5039367675781,53.47050476074219,191.26255798339844
2021-03-12,260.0199890136719,55.87079620361328,112.01233673095703,364.9947814941406,53.145572662353516,191.6414031982422
2021-03-15,254.61000061035156,56.016754150390625,114.42828369140625,367.17156982421875,53.55651092529297,192.98123168945312
2021-03-16,251.5,56.2915153503418,115.679931640625,366.7084045410156,53.814544677734375,192.20506286621094
2021-03-17,252.0,56.30869674682617,116.76663208007812,367.95880126953125,53.862342834472656,192.93504333496094
2021-03-18,252.4600067138672,55.3727912902832,112.08995056152344,362.6051025390625,52.61039352416992,189.42376708984375
2021-03-19,250.99000549316406,55.94807815551758,113.3658447265625,361.93414306640625,52.77286148071289,189.6639862060547
2021-03-22,250.36000061035156,55.84504318237305,116.06803894042969,364.82421875,53.534217834472656,190.68966674804688
2021-03-23,248.30999755859375,54.81468963623047,113.1620864868164,361.9527893066406,53.37140655517578,188.51824951171875
2021-03-24,249.6300048828125,53.58684539794922,111.2215576171875,360.11279296875,52.78721618652344,186.95663452148438
2021-03-25,250.75,53.84443664550781,111.62907409667969,362.138671875,52.75849533081055,188.33982849121094
2021-03-26,256.7699890136719,55.15813064575195,117.22750854492188,367.9745178222656,53.61082077026367,191.41778564453125
2021-03-29,258.82000732421875,54.80609893798828,115.35003662109375,367.78851318359375,53.6587028503418,190.51856994628906
2021-03-30,258.19000244140625,55.012168884277344,114.8552017211914,366.81280517578125,53.37140655517578,190.46290588378906
2021-03-31,255.47000122070312,55.261173248291016,118.15411376953125,368.2997131347656,54.0130500793457,191.62179565429688
2021-04-01,258.20001220703125,55.87079620361328,122.70951843261719,372.2769470214844,54.836647033691406,194.02297973632812
2021-04-05,262.6600036621094,56.025352478027344,124.75190734863281,377.6202697753906,55.90925979614258,196.28504943847656
2021-04-06,263.05999755859375,56.325870513916016,123.04425048828125,377.3973083496094,55.81348419189453,196.3592529296875
2021-04-07,263.6199951171875,55.57027816772461,122.76287078857422,377.83416748046875,56.04332733154297,196.19236755371094
2021-04-08,263.510009765625,56.06828689575195,124.5239028930664,379.6275634765625,56.58920669555664,197.3326873779297
2021-04-09,266.010009765625,55.596038818359375,124.23281860351562,382.3875732421875,57.09677505493164,198.5286407470703
2021-04-12,267.92999267578125,55.252586364746094,122.79197692871094,382.5270080566406,57.08719253540039,198.58425903320312
2021-04-13,267.1000061035156,55.45865249633789,122.54940795898438,383.6606750488281,57.613914489746094,199.14051818847656
2021-04-14,267.5299987792969,55.767765045166016,121.37539672851562,382.3503723144531,57.0201530456543,198.69554138183594
2021-04-15,269.1400146484375,56.248592376708984,122.93266296386719,386.4577941894531,57.92994689941406,200.80931091308594
2021-04-16,272.1099853515625,56.40315246582031,122.452392578125,387.7493896484375,58.05445861816406,201.31922912597656
2021-04-19,270.2799987792969,56.248592376708984,119.4203109741211,385.84442138671875,57.671382904052734,200.00279235839844
2021-04-20,267.8900146484375,55.836448669433594,117.7466049194336,383.0195617675781,57.32661819458008,198.16708374023438
2021-04-21,272.2099914550781,56.222835540771484,120.85144805908203,386.64361572265625,57.76713943481445,200.5312042236328
2021-04-22,269.510009765625,55.99959182739258,118.17837524414062,383.1123962402344,57.17339324951172,198.96437072753906
2021-04-23,271.9800109863281,56.780941009521484,120.8951187133789,387.2662048339844,57.910804748535156,201.37486267089844
2021-04-26,270.8599853515625,56.883975982666016,122.96177673339844,388.07470703125,58.18852615356445,202.1072235107422
2021-04-27,273.6499938964844,56.901145935058594,122.2437744140625,387.9910583496094,58.02572250366211,202.0145263671875
2021-04-28,272.95001220703125,57.31328201293945,120.28868865966797,387.8795166015625,57.901214599609375,201.98675537109375
2021-04-29,277.6000061035156,57.16732406616211,121.399658203125,390.3514709472656,58.14064025878906,202.75621032714844
2021-04-30,274.95001220703125,56.21424865722656,117.88729095458984,387.7865905761719,57.700111389160156,201.27285766601562
2021-05-03,279.17999267578125,56.21424865722656,116.51920318603516,388.6230163574219,57.58518981933594,201.62515258789062
2021-05-04,280.260009765625,55.578861236572266,115.07351684570312,386.2254638671875,56.799888610839844,200.11399841308594
2021-05-05,282.760009765625,55.836448669433594,115.58291625976562,386.34619140625,56.68497848510742,200.07688903808594
2021-05-06,289.7099914550781,56.368797302246094,116.53376770019531,389.4314880371094,57.11591339111328,201.09669494628906
2021-05-07,290.92999267578125,56.99559783935547,118.17837524414062,392.2656555175781,57.51816177368164,202.80258178710938
2021-05-10,292.3299865722656,55.99959182739258,112.9389419555664,388.38128662109375,56.388092041015625,200.4198760986328
2021-05-11,285.6300048828125,55.80210494995117,113.15723419189453,384.9151611328125,56.1486701965332,198.80679321289062
2021-05-12,282.9100036621094,54.25657272338867,108.4902572631836,376.737548828125,54.750465393066406,194.32891845703125
2021-05-13,286.8999938964844,54.239410400390625,109.72249603271484,381.26312255859375,55.31547927856445,196.4705047607422
2021-05-14,290.67999267578125,55.1237907409668,113.2009048461914,387.1175231933594,56.30189895629883,199.82655334472656
2021-05-17,289.2200012207031,55.0465202331543,111.93955993652344,386.13250732421875,56.04332733154297,199.40013122558594
2021-05-18,287.5899963378906,55.80210494995117,111.32343292236328,382.8056945800781,55.61236572265625,197.84262084960938
2021-05-19,286.2200012207031,55.63896942138672,113.31733703613281,381.8021240234375,55.64109802246094,197.26783752441406
2021-05-20,286.7300109863281,55.95664978027344,116.13111114501953,385.909423828125,56.51258850097656,199.40940856933594
2021-05-21,287.739990234375,55.36421203613281,115.54409790039062,385.5935363769531,56.23485565185547,199.29812622070312
2021-05-24,289.7300109863281,55.84504318237305,118.08133697509766,389.52435302734375,57.0584716796875,201.30992126464844
2021-05-25,287.20001220703125,56.38597106933594,118.85755157470703,388.6600646972656,57.16381072998047,200.75369262695312
2021-05-26,287.3299865722656,56.841033935546875,118.97882843017578,389.4314880371094,57.249996185302734,201.47683715820312
2021-05-27,289.29998779296875,56.87538146972656,119.5512924194336,389.6359558105469,57.0584716796875,201.84765625
2021-05-28,289.44000244140625,57.227420806884766,120.8902587890625,390.33282470703125,57.202117919921875,202.1907196044922
2021-06-01,289.8399963378906,58.38656997680664,120.71076202392578,389.9890441894531,56.943546295166016,202.27410888671875
2021-06-02,290.0199890136719,58.50676727294922,121.41905975341797,390.602294921875,57.01058578491211,202.5430145263672
2021-06-03,291.9700012207031,57.85421371459961,119.34268188476562,389.1527099609375,56.59878158569336,201.64370727539062
2021-06-04,292.5199890136719,58.42091751098633,122.00121307373047,392.7118225097656,57.384071350097656,203.39593505859375
2021-06-07,289.4599914550781,58.16332244873047,121.38023376464844,392.3308410644531,57.470272064208984,203.5627899169922
2021-06-08,289.19000244140625,57.871395111083984,120.38087463378906,392.4143981933594,57.527732849121094,203.97996520996094
2021-06-09,288.5799865722656,57.72542953491211,120.00732421875,391.8289794921875,57.546878814697266,203.40516662597656
2021-06-10,284.9100036621094,58.20186233520508,121.57430267333984,393.650390625,58.08318328857422,204.30447387695312
2021-06-11,286.82000732421875,58.00299072265625,122.00121307373047,394.3008728027344,58.18852615356445,204.9070587158203
2021-06-14,283.5299987792969,58.210514068603516,123.65066528320312,395.1836853027344,58.70566940307617,205.22227478027344
2021-06-15,283.94000244140625,57.81275939941406,122.58336639404297,394.45880126953125,58.41836929321289,204.68460083007812
2021-06-16,283.1099853515625,57.01725387573242,121.55004119873047,392.25640869140625,58.20767593383789,203.66476440429688
2021-06-17,278.69000244140625,57.38041305541992,122.92296600341797,392.1262512207031,58.81100845336914,203.47007751464844
2021-06-18,274.0400085449219,56.91348648071289,119.79385375976562,386.83636474609375,58.3513298034668,200.94837951660156
2021-06-21,277.1000061035156,57.216129302978516,120.10919189453125,392.37432861328125,58.87512969970703,203.72039794921875
2021-06-22,276.9200134277344,56.999961853027344,120.8951187133789,394.4720764160156,59.43155288696289,204.8792724609375
2021-06-23,274.6600036621094,57.337188720703125,121.50637817382812,393.9966125488281,59.44114685058594,204.79579162597656
2021-06-24,275.489990234375,57.838706970214844,123.49057006835938,396.327392578125,59.7193489074707,206.18609619140625
2021-06-25,278.3800048828125,58.25374984741211,123.00543212890625,397.7352294921875,59.72895431518555,206.9579315185547
2021-06-28,276.6099853515625,58.348876953125,125.98900604248047,398.5369873046875,60.304561614990234,207.1903839111328
2021-06-29,276.2099914550781,58.33156967163086,127.08539581298828,398.75140380859375,60.49643325805664,207.19972229003906
2021-06-30,277.9200134277344,57.925167083740234,127.22123718261719,399.08697509765625,60.41009521484375,207.20904541015625
2021-07-01,280.1700134277344,57.64847183227539,125.3437728881836,401.2966003417969,60.65951919555664,208.33419799804688
2021-07-02,279.1199951171875,57.65712356567383,126.03750610351562,404.36395263671875,61.40781021118164,209.48739624023438
2021-07-06,277.32000732421875,56.654083251953125,125.99871063232422,403.6273193359375,61.74357986450195,209.03172302246094
2021-07-07,279.239990234375,56.69731140136719,124.25222778320312,405.0538330078125,62.0313835144043,209.3107147216797
2021-07-08,274.1000061035156,55.59052658081055,122.58822631835938,401.7535095214844,61.61886978149414,207.54380798339844
2021-07-09,280.489990234375,56.4638671875,124.67914581298828,406.0421447753906,62.021785736083984,210.0546417236328
2021-07-12,280.1099853515625,56.5676155090332,126.31405639648438,407.4964599609375,62.232852935791016,210.64048767089844
2021-07-13,279.2099914550781,56.5676155090332,126.04236602783203,406.1073303222656,62.204071044921875,209.46876525878906
2021-07-14,278.30999755859375,56.81837463378906,125.76583862304688,406.7133483886719,62.38633346557617,209.1804962158203
2021-07-15,279.7200012207031,56.965370178222656,122.31655883789062,405.32421875,62.021785736083984,208.4458465576172
2021-07-16,277.8999938964844,56.52437973022461,119.75505065917969,402.1449890136719,61.58048629760742,206.80918884277344
2021-07-19,272.6600036621094,55.64240646362305,119.73078918457031,396.2061767578125,60.9089469909668,203.8705291748047
2021-07-20,276.8900146484375,55.815345764160156,121.1958999633789,401.8839416503906,61.65724182128906,207.39500427246094
2021-07-21,279.8800048828125,56.187156677246094,124.67914581298828,405.13775634765625,62.060157775878906,209.25489807128906
2021-07-22,277.70001220703125,56.299560546875,123.92718505859375,405.9861145019531,62.5494270324707,209.4315948486328
2021-07-23,278.489990234375,55.53864288330078,124.82953643798828,410.162841796875,63.422447204589844,211.52392578125
2021-07-26,278.79998779296875,54.61343002319336,124.6888427734375,411.1697692871094,63.48958969116211,211.9517364501953
2021-07-27,280.7799987792969,53.558509826660156,122.48634338378906,409.29583740234375,62.91399383544922,210.8079071044922
2021-07-28,278.1000061035156,54.90742874145508,124.67428588867188,409.1280822753906,62.981143951416016,211.13339233398438
2021-07-29,279.760009765625,55.140892028808594,127.01264190673828,410.82489013671875,63.1058464050293,212.0633087158203
2021-07-30,278.2900085449219,54.65666198730469,127.65788269042969,408.8297424316406,62.712528228759766,210.8079071044922
2021-08-02,278.1400146484375,55.019832611083984,128.56021118164062,407.9719543457031,62.645362854003906,210.51028442382812
2021-08-03,281.79998779296875,55.26194381713867,129.72451782226562,411.2910461425781,63.09626388549805,212.0167999267578
2021-08-04,278.7799987792969,55.486759185791016,131.14111328125,409.2679138183594,63.1346435546875,211.06829833984375
2021-08-05,280.2099914550781,55.40029525756836,130.9955596923828,411.8597106933594,63.48958969116211,212.57476806640625
2021-08-06,285.6300048828125,54.950660705566406,130.29212951660156,412.5403747558594,63.32650375366211,212.83514404296875
2021-08-09,287.2300109863281,55.07170867919922,129.89918518066406,412.2047119140625,63.3169059753418,212.75143432617188
2021-08-10,288.94000244140625,55.14952850341797,128.23516845703125,412.7174987792969,63.04829025268555,212.89093017578125
2021-08-11,291.2799987792969,55.2532958984375,127.89559173583984,413.7430114746094,63.01951599121094,213.30941772460938
2021-08-12,290.239990234375,54.81230926513672,126.49839782714844,414.9830322265625,63.3648796081543,213.90460205078125
2021-08-13,287.8900146484375,54.665313720703125,127.32312774658203,415.7381896972656,63.61431121826172,214.0254669189453
2021-08-16,289.45001220703125,54.19837951660156,126.7749252319336,416.71710205078125,63.88291931152344,214.1091766357422
2021-08-17,289.1000061035156,53.22993469238281,124.3735122680664,413.9854736328125,63.3169059753418,212.5189666748047
2021-08-18,286.3599853515625,53.27317428588867,122.76771545410156,409.45440673828125,62.67414474487305,210.398681640625
2021-08-19,285.1300048828125,52.41712951660156,123.84471130371094,410.0883483886719,63.04829025268555,210.24063110351562
2021-08-20,285.2699890136719,52.356605529785156,124.37837219238281,413.35150146484375,63.70063781738281,212.12840270996094
2021-08-23,285.6199951171875,53.1607666015625,127.95379638671875,416.98748779296875,64.41056823730469,214.18359375
2021-08-24,286.0199890136719,54.28485107421875,128.04110717773438,417.6493835449219,64.4393310546875,214.94615173339844
2021-08-25,287.29998779296875,54.405906677246094,129.43344116210938,418.5259094238281,64.46813201904297,215.55984497070312
2021-08-26,285.2699890136719,53.878448486328125,129.63235473632812,416.05517578125,64.1611099243164,214.11849975585938
2021-08-27,286.6000061035156,54.587493896484375,131.9755401611328,419.77508544921875,64.71755981445312,216.4247283935547
2021-08-30,285.6600036621094,54.68260955810547,132.3927764892578,421.6211242675781,65.45624542236328,217.24307250976562
2021-08-31,285.7699890136719,55.41758728027344,131.38853454589844,420.9964294433594,65.31236267089844,216.83387756347656
2021-09-01,285.260009765625,56.15257263183594,131.18478393554688,421.2202453613281,65.46585083007812,217.2151641845703
2021-09-02,285.04998779296875,55.858577728271484,131.50498962402344,422.51611328125,65.48503875732422,217.94981384277344
2021-09-03,281.8900146484375,56.143924713134766,132.58197021484375,422.4134826660156,65.66730499267578,217.8754119873047
2021-09-07,278.8999938964844,56.4638671875,132.310302734375,420.9031677246094,65.66730499267578,216.93621826171875
2021-09-08,279.3399963378906,55.58187484741211,130.56381225585938,420.3904113769531,65.52342224121094,216.4247283935547
2021-09-09,278.6099853515625,55.52135467529297,131.10231018066406,418.5910339355469,65.15885925292969,215.67149353027344
2021-09-10,277.6000061035156,55.504058837890625,132.0919647216797,415.29071044921875,64.62163543701172,213.9604034423828
2021-09-13,279.9200134277344,55.67698669433594,133.08164978027344,416.353515625,64.54486083984375,214.44395446777344
2021-09-14,277.20001220703125,55.270591735839844,133.16896057128906,414.1066589355469,64.41056823730469,213.15133666992188
2021-09-15,278.17999267578125,55.296531677246094,133.63470458984375,417.5655212402344,64.89984130859375,214.90890502929688
2021-09-16,277.510009765625,54.68260955810547,133.8287353515625,416.9036560058594,64.89984130859375,214.71363830566406
2021-09-17,276.760009765625,54.44914245605469,131.4710235595703,412.8424987792969,64.14196014404297,212.99322509765625
2021-09-20,274.20001220703125,53.031063079833984,128.2691192626953,405.95867919921875,62.96489334106445,209.30140686035156
2021-09-21,273.17999267578125,53.376930236816406,128.54078674316406,405.5751953125,63.05138397216797,209.28280639648438
2021-09-22,274.07000732421875,54.08597946166992,130.8597412109375,409.531494140625,63.59906005859375,211.39378356933594
2021-09-23,278.1199951171875,54.483726501464844,132.5043487548828,414.5073547363281,64.21402740478516,213.9696807861328
2021-09-24,277.8699951171875,53.86116409301758,132.14535522460938,415.1900939941406,64.32931518554688,214.22532653808594
2021-09-27,279.7200012207031,54.20702362060547,131.67477416992188,414.0023193359375,63.74319076538086,213.75889587402344
2021-09-28,276.7900085449219,53.48069381713867,126.37226104736328,405.65936279296875,62.004051208496094,209.2810821533203
2021-09-29,277.2900085449219,52.97917556762695,124.46569061279297,406.342041015625,62.0136604309082,209.4209747314453
2021-09-30,272.94000244140625,53.40287399291992,124.32498931884766,401.3757019042969,61.51400375366211,207.15406799316406
2021-10-01,275.7099914550781,53.420166015625,124.43173217773438,406.1457214355469,62.157779693603516,210.0086669921875
2021-10-04,273.6400146484375,52.64195251464844,121.1910400390625,400.9080505371094,60.908660888671875,206.8462371826172
2021-10-05,278.04998779296875,53.02241134643555,122.89386749267578,405.0794372558594,61.715789794921875,208.7772979736328
2021-10-06,280.2200012207031,52.728416442871094,123.26741027832031,406.7630615234375,62.10012435913086,209.64486694335938
2021-10-07,282.95001220703125,53.76604461669922,124.80043029785156,410.2797546386719,62.6766471862793,211.65988159179688
2021-10-08,284.1400146484375,53.88710021972656,123.58760070800781,409.531494140625,62.46525192260742,211.1934814453125
2021-10-11,280.92999267578125,53.80927658081055,122.8501968383789,406.566650390625,62.0713005065918,209.6728973388672
2021-10-12,278.6199951171875,53.50663757324219,121.6082534790039,405.5657958984375,61.898353576660156,209.5236053466797
2021-10-13,277.8999938964844,54.267555236816406,122.64643859863281,407.0249328613281,62.301910400390625,210.4751434326172
2021-10-14,281.6400146484375,54.43185043334961,126.32860565185547,413.8713684082031,63.454933166503906,213.97337341308594
2021-10-15,284.2099914550781,55.11494827270508,127.38618469238281,417.0233154296875,63.94496154785156,215.2421112060547
2021-10-18,282.5899963378906,54.976600646972656,128.39041137695312,418.2579040527344,64.51187896728516,216.0257568359375
2021-10-19,284.8299865722656,55.668338775634766,129.86036682128906,421.4847106933594,64.9826889038086,217.602294921875
2021-10-20,287.489990234375,55.64240646362305,129.28790283203125,423.14013671875,64.95386505126953,218.4512176513672
2021-10-21,286.82000732421875,55.16682434082031,130.76271057128906,424.24383544921875,65.38626098632812,219.04824829101562
2021-10-22,289.239990234375,55.045780181884766,129.60809326171875,423.80419921875,65.0980224609375,218.62843322753906
2021-10-25,290.260009765625,55.3570556640625,130.2630157470703,426.0770568847656,65.61685943603516,219.97178649902344
2021-10-26,290.8500061035156,55.03712844848633,131.00527954101562,426.4604797363281,65.76101684570312,219.8878631591797
2021-10-27,287.7799987792969,54.639373779296875,129.89918518066406,424.5712585449219,65.98198699951172,218.38589477539062
2021-10-28,289.7200012207031,54.68260955810547,132.37335205078125,428.6678161621094,66.74105834960938,220.71810913085938
2021-10-29,287.010009765625,53.982215881347656,132.75177001953125,429.53759765625,67.106201171875,221.00732421875
2021-11-01,286.239990234375,54.414554595947266,134.2750701904297,430.2764892578125,67.05815887451172,222.10809326171875
2021-11-02,287.92999267578125,53.930335998535156,135.7547149658203,432.01617431640625,67.375244140625,222.7984161376953
2021-11-03,288.7200012207031,54.20702362060547,137.09854125976562,434.65374755859375,67.88447570800781,224.375
2021-11-04,287.69000244140625,54.10326385498047,142.77459716796875,436.70208740234375,68.70121002197266,225.223876953125
2021-11-05,287.8800048828125,54.07733154296875,143.89039611816406,438.2171936035156,68.70121002197266,226.09146118164062
2021-11-08,288.79998779296875,54.5702018737793,146.48101806640625,438.5914001464844,68.72044372558594,226.46463012695312
2021-11-09,286.3500061035156,54.37131881713867,146.67507934570312,437.1416320800781,68.3841323852539,225.81161499023438
2021-11-10,285.32000732421875,54.163795471191406,142.04690551757812,433.62493896484375,67.50975036621094,223.59136962890625
2021-11-11,284.6499938964844,55.02847671508789,144.6035614013672,433.76513671875,67.66350555419922,223.86184692382812
2021-11-12,285.989990234375,55.192771911621094,146.07350158691406,437.03875732421875,68.44178771972656,225.5224151611328
2021-11-15,284.6700134277344,55.03712844848633,145.8794708251953,437.1884460449219,68.40336608886719,225.5224151611328
2021-11-16,283.3599853515625,55.03712844848633,147.771484375,438.9187316894531,68.99908447265625,226.49261474609375
2021-11-17,281.5899963378906,54.74313735961914,146.8933868408203,437.8525085449219,68.95101928710938,225.5597381591797
2021-11-18,280.6300048828125,54.1551513671875,150.5076141357422,439.3395690917969,69.59480285644531,225.9142303466797
2021-11-19,279.989990234375,54.07733154296875,151.45849609375,438.553955078125,69.9118881225586,225.27053833007812
2021-11-22,284.9700012207031,53.619041442871094,149.17347717285156,437.3194274902344,69.20084381103516,224.1884002685547
2021-11-23,288.55999755859375,53.60175323486328,148.09165954589844,437.8992919921875,68.97024536132812,224.26300048828125
2021-11-24,287.2799987792969,53.515281677246094,149.5858612060547,439.0684814453125,69.23928833007812,225.0186767578125
2021-11-26,283.0899963378906,51.80320739746094,145.24879455566406,429.27581787109375,67.8460693359375,220.1490478515625
2021-11-29,282.1199951171875,51.96749496459961,151.08009338378906,434.5414733886719,69.1144027709961,222.22007751464844
2021-11-30,276.69000244140625,51.98479461669922,147.91700744628906,426.0864562988281,68.10547637939453,217.77951049804688
2021-12-01,275.0,52.097206115722656,147.39306640625,421.35369873046875,67.08697509765625,214.71038818359375
2021-12-02,279.0899963378906,52.728416442871094,147.7763214111328,427.80731201171875,67.72113037109375,218.19932556152344
2021-12-03,277.42999267578125,52.062618255615234,146.09776306152344,424.08489990234375,66.77951049804688,215.67127990722656
2021-12-06,281.3800048828125,52.46901321411133,145.53985595703125,429.107421875,67.41366577148438,218.44192504882812
2021-12-07,284.9700012207031,53.264530181884766,152.59852600097656,437.98345947265625,69.2200698852539,223.11558532714844
2021-12-08,283.7200012207031,53.523929595947266,151.93875122070312,439.1432189941406,69.63323974609375,224.076416015625
2021-12-09,284.5199890136719,53.195350646972656,148.26144409179688,436.1782531738281,68.91259765625,221.94017028808594
2021-12-10,288.2300109863281,53.28181838989258,149.20260620117188,440.2842102050781,69.67169189453125,223.45143127441406
2021-12-13,290.010009765625,52.43385314941406,145.3312530517578,436.3840637207031,68.87416076660156,221.417724609375
2021-12-14,295.0299987792969,52.31890869140625,144.49195861816406,433.3817443847656,68.06704711914062,219.75723266601562
2021-12-15,294.5799865722656,52.19511795043945,150.4688262939453,440.1533203125,69.52754974365234,223.1435546875
2021-12-16,300.1700134277344,52.26586151123047,143.92922973632812,436.2718200683594,68.06704711914062,220.64346313476562
2021-12-17,293.6600036621094,51.947540283203125,143.25491333007812,431.628662109375,67.57701110839844,219.63597106933594
2021-12-20,289.6099853515625,51.25785827636719,142.17848205566406,427.0389099121094,66.79061889648438,216.54812622070312
2021-12-21,293.239990234375,52.10669708251953,147.31427001953125,434.6227111816406,68.08041381835938,220.792724609375
2021-12-22,294.4100036621094,52.4073371887207,149.06521606445312,438.9683837890625,69.04296112060547,222.9756622314453
2021-12-23,294.489990234375,52.6549072265625,150.34796142578125,441.6996765136719,69.51460266113281,224.51486206054688
2021-12-27,296.6700134277344,52.92901611328125,154.3961181640625,447.95068359375,70.72742462158203,227.4630584716797
2021-12-28,298.2900085449219,52.73448944091797,152.87442016601562,447.5845642089844,70.4097671508789,226.9949493408203
2021-12-29,299.4599914550781,52.53996276855469,152.85003662109375,448.1571960449219,70.43863677978516,227.12600708007812
2021-12-30,299.9800109863281,53.08818054199219,151.11370849609375,446.9182434082031,70.11137390136719,226.76087951660156
2021-12-31,299.0,52.92901611328125,150.6064453125,445.79193115234375,69.75523376464844,226.03997802734375
2022-01-03,300.7900085449219,53.238494873046875,153.92791748046875,448.3730773925781,70.29426574707031,227.47239685058594
2022-01-04,308.5299987792969,53.035125732421875,153.12802124023438,448.2229309082031,69.71672821044922,227.04171752929688
2022-01-05,309.9200134277344,52.23933410644531,147.8751678466797,439.6161193847656,67.5029067993164,222.1172637939453
2022-01-06,313.2200012207031,52.43385314941406,149.34324645996094,439.2030029296875,67.281494140625,222.06106567382812
2022-01-07,319.7799987792969,52.902496337890625,144.80247497558594,437.4666748046875,66.62699127197266,221.04998779296875
2022-01-10,318.92999267578125,52.8582763671875,144.98779296875,436.92230224609375,66.7136001586914,220.66612243652344
2022-01-11,319.79998779296875,53.99007034301758,147.9141845703125,440.90191650390625,67.40664672851562,222.86619567871094
2022-01-12,320.3900146484375,54.88312911987305,149.17739868164062,442.0938720703125,67.74352264404297,223.21266174316406
2022-01-13,321.260009765625,54.105010986328125,146.5826873779297,436.0024719238281,66.07836151123047,219.94522094726562
2022-01-14,324.1300048828125,54.09618377685547,149.6895294189453,436.1807861328125,66.18421936035156,220.02951049804688
2022-01-18,320.2900085449219,53.18544387817383,142.99298095703125,428.4562683105469,64.634521484375,215.7509765625
2022-01-19,314.75,53.433021545410156,139.04234313964844,424.0072937011719,63.90300750732422,213.48529052734375
2022-01-20,311.010009765625,53.68060302734375,134.7844696044922,419.3144226074219,63.07522201538086,210.9949951171875
2022-01-21,305.2200012207031,52.86711883544922,132.5408935546875,411.08294677734375,61.49665451049805,206.81948852539062
2022-01-24,303.7300109863281,52.10669708251953,134.23822021484375,412.8287048339844,61.84317398071289,208.14891052246094
2022-01-25,307.19000244140625,51.982913970947266,128.92193603515625,407.7884216308594,60.582237243652344,205.2372589111328
2022-01-26,309.260009765625,51.372798919677734,130.7801971435547,406.76544189453125,60.68811798095703,204.44151306152344
2022-01-27,307.6700134277344,50.78921890258789,125.1956787109375,404.7568359375,60.19721603393555,202.92481994628906
2022-01-28,312.8999938964844,51.10753631591797,127.63433074951172,414.8091735839844,62.2474365234375,207.92422485351562
2022-01-31,313.0199890136719,52.68144226074219,134.3211212158203,422.2803039550781,63.87411117553711,212.34315490722656
2022-02-01,313.9599914550781,52.98206329345703,134.89663696289062,425.13360595703125,64.34578704833984,213.96279907226562
2022-02-02,319.6000061035156,52.92901611328125,138.3400115966797,429.2633972167969,65.07728576660156,215.37649536132812
2022-02-03,315.2300109863281,52.36312484741211,132.20437622070312,419.1736145019531,62.68058776855469,210.25540161132812
2022-02-04,314.989990234375,52.522281646728516,132.9213104248047,421.1446228027344,63.46986389160156,211.6503448486328
2022-02-07,316.510009765625,52.478065490722656,133.1310577392578,419.79302978515625,62.9500732421875,211.11671447753906
2022-02-08,321.44000244140625,52.92901611328125,135.8574676513672,423.2470703125,63.556488037109375,213.0546875
2022-02-09,322.3800048828125,53.74249267578125,140.5884552001953,429.4417419433594,64.7115249633789,216.5186767578125
2022-02-10,319.8500061035156,53.36228561401367,136.37933349609375,421.7265930175781,63.29661178588867,212.84869384765625
2022-02-11,319.1400146484375,52.54880142211914,129.3706512451172,413.4106750488281,61.477394104003906,208.71998596191406
2022-02-14,314.2799987792969,52.16859436035156,129.28285217285156,412.0591125488281,61.487022399902344,207.95230102539062
2022-02-15,316.20001220703125,53.247337341308594,136.31593322753906,418.70428466796875,62.72869873046875,211.6503448486328
2022-02-16,315.6499938964844,53.698280334472656,136.2866668701172,419.1736145019531,62.78645706176758,211.84695434570312
2022-02-17,313.54998779296875,53.061641693115234,130.82408142089844,410.2193908691406,60.99612808227539,207.03475952148438
2022-02-18,314.79998779296875,52.610694885253906,129.3706512451172,407.56329345703125,60.38972854614258,205.3777313232422
2022-02-22,314.1600036621094,51.85028076171875,128.4829864501953,403.1893310546875,59.6004524230957,203.0184326171875
2022-02-23,309.989990234375,51.328590393066406,125.79071044921875,396.0373840332031,58.214393615722656,199.28292846679688
2022-02-24,308.2799987792969,50.311744689941406,130.10711669921875,401.99737548828125,59.9758415222168,202.7750244140625
2022-02-25,319.239990234375,51.22248840332031,131.92149353027344,410.8670349121094,61.00576400756836,207.28756713867188
2022-02-28,321.45001220703125,50.603538513183594,130.78506469726562,409.81585693359375,61.06350326538086,207.0628662109375
2022-03-01,316.8399963378906,49.878482818603516,126.65886688232422,403.5742492675781,60.129844665527344,203.83299255371094
2022-03-02,323.6400146484375,50.055320739746094,130.80458068847656,410.99847412109375,61.16939163208008,207.6995086669922
2022-03-03,327.739990234375,49.45405960083008,127.98548889160156,408.9523620605469,60.48598861694336,206.11729431152344
2022-03-04,325.3399963378906,48.47258377075195,124.5421142578125,405.6297607421875,59.7159538269043,204.0576171875
2022-03-07,322.7200012207031,46.65110397338867,118.34305572509766,393.672119140625,57.521358489990234,197.76626586914062
2022-03-08,318.5199890136719,46.827945709228516,120.12815856933594,390.68743896484375,57.15559387207031,196.65220642089844
2022-03-09,325.3999938964844,48.17195129394531,125.34687042236328,401.1621398925781,59.29243469238281,202.11032104492188
2022-03-10,325.29998779296875,47.33194351196289,122.63508605957031,399.3506164550781,58.849666595458984,201.20217895507812
2022-03-11,326.6000061035156,46.39468002319336,119.87940216064453,394.27276611328125,57.80049133300781,198.46839904785156
2022-03-14,329.9800109863281,45.333621978759766,116.41651153564453,391.3913269042969,56.95347213745117,196.51173400878906
2022-03-15,332.54998779296875,45.4574089050293,121.29381561279297,399.9981994628906,58.67640686035156,200.6123504638672
2022-03-16,336.1099853515625,48.86163330078125,127.71723175048828,408.8678283691406,60.495601654052734,205.63052368164062
2022-03-17,344.9700012207031,48.6494255065918,128.5171356201172,413.9831848144531,61.304134368896484,208.3829345703125
2022-03-18,342.4100036621094,49.30373764038086,131.2923126220703,418.51739501953125,62.46881866455078,210.81715393066406
2022-03-21,349.6600036621094,48.61405563354492,130.9850311279297,418.3950500488281,62.3868522644043,210.62049865722656
2022-03-22,349.92999267578125,49.427528381347656,131.88734436035156,423.2908630371094,63.43788146972656,213.20443725585938
2022-03-23,348.1600036621094,49.09153366088867,128.5902862548828,417.83953857421875,62.531490325927734,210.30067443847656
2022-03-24,352.3699951171875,49.41869354248047,134.84788513183594,424.13818359375,63.66930389404297,213.29644775390625
2022-03-25,358.760009765625,49.003108978271484,134.28695678710938,426.2095031738281,63.72716522216797,214.2074737548828
2022-03-28,359.57000732421875,49.17995071411133,135.26243591308594,429.2411804199219,64.5853500366211,215.59735107421875
2022-03-29,355.1199951171875,50.01111602783203,138.3205108642578,434.55126953125,65.57852935791016,218.86557006835938
2022-03-30,357.6099853515625,49.86963653564453,134.30648803710938,431.86798095703125,64.8746109008789,217.09063720703125
2022-03-31,352.9100036621094,49.11805725097656,131.5849609375,425.2209777832031,63.84287643432617,213.8130340576172
2022-04-01,351.8800048828125,49.93153381347656,129.45358276367188,426.4261474609375,63.88143539428711,214.66763305664062
2022-04-04,345.42999267578125,50.798065185546875,131.58981323242188,430.0791931152344,64.98068237304688,216.4895477294922
2022-04-05,344.79998779296875,49.913848876953125,125.91262817382812,424.6466064453125,63.83320999145508,213.32467651367188
2022-04-06,344.7099914550781,49.30373764038086,123.30816650390625,420.4005126953125,62.492923736572266,210.87351989746094
2022-04-07,346.510009765625,48.92353439331055,123.32766723632812,422.5188293457031,62.830406188964844,211.6717987060547
2022-04-08,353.1000061035156,48.98542785644531,120.39640045166016,421.3890380859375,62.18437957763672,211.014404296875
2022-04-11,352.0199890136719,48.366477966308594,117.68949127197266,414.1864929199219,60.59335708618164,207.71803283691406
2022-04-12,349.739990234375,48.18963623046875,117.0554428100586,412.65191650390625,60.304080963134766,207.07940673828125
2022-04-13,346.2200012207031,48.8527946472168,119.83550262451172,417.3782653808594,61.24904251098633,209.7935333251953
2022-04-14,344.3299865722656,48.20731735229492,116.1872787475586,412.18109130859375,59.97623062133789,207.23910522460938
2022-04-18,346.6499938964844,48.110050201416016,118.1772232055664,412.3505859375,60.053375244140625,206.88223266601562
2022-04-19,348.5,47.91552734375,120.69391632080078,419.0070495605469,61.220115661621094,210.52606201171875
2022-04-20,348.82000732421875,47.65910720825195,120.47443389892578,418.6963195800781,60.68014144897461,210.2537078857422
2022-04-21,343.6000061035156,46.783729553222656,117.17249298095703,412.4352722167969,59.56160354614258,206.8164520263672
2022-04-22,335.55999755859375,46.3681526184082,114.48509216308594,401.118408203125,57.797035217285156,201.181640625
2022-04-25,336.95001220703125,46.01446533203125,116.46527862548828,403.4439697265625,58.423797607421875,202.28042602539062
2022-04-26,330.6499938964844,44.98877716064453,111.50018310546875,391.75994873046875,56.244590759277344,196.51414489746094
2022-04-27,329.5799865722656,45.50162124633789,110.96367645263672,392.8614501953125,56.37958908081055,196.89920043945312
2022-04-28,331.2699890136719,46.09404754638672,117.29930114746094,402.784912109375,58.34665298461914,201.6981658935547
2022-04-29,322.8299865722656,46.20014953613281,112.10497283935547,387.89971923828125,55.78175735473633,194.2884063720703
2022-05-02,318.19000244140625,46.111732482910156,115.36788940429688,390.23468017578125,56.48565673828125,195.75341796875
2022-05-03,318.989990234375,46.44773483276367,116.31407928466797,392.0235595703125,56.67850112915039,196.6831817626953
2022-05-04,326.79998779296875,46.9782600402832,120.30372619628906,403.9618225097656,58.587711334228516,202.44947814941406
2022-05-05,318.67999267578125,45.25404739379883,114.65579986572266,389.6039123535156,55.76247787475586,194.9833526611328
2022-05-06,318.8800048828125,44.723514556884766,113.48037719726562,387.27838134765625,55.28998565673828,193.41500854492188
2022-05-09,312.9599914550781,43.43256378173828,107.73490142822266,374.878662109375,53.12042999267578,186.55929565429688
2022-05-10,312.5299987792969,43.63593292236328,110.51984405517578,375.7449035644531,53.6025505065918,186.93496704101562
2022-05-11,311.5400085449219,43.2999382019043,107.13011169433594,369.7757568359375,52.079044342041016,183.55409240722656
2022-05-12,308.05999755859375,42.98161697387695,107.63735961914062,369.3897399902344,51.90547561645508,183.7512969970703
2022-05-13,310.3599853515625,44.16646194458008,113.2803955078125,378.2210693359375,53.6025505065918,188.6723175048828
2022-05-16,309.2900085449219,44.007301330566406,111.45140838623047,376.6864318847656,53.10114669799805,187.7426300048828
2022-05-17,314.6000061035156,45.08604431152344,116.78231048583984,384.4350280761719,54.40288162231445,191.75271606445312
2022-05-18,306.6400146484375,44.016143798828125,111.20266723632812,368.93780517578125,51.84762191772461,184.24905395507812
2022-05-19,304.1499938964844,44.71467208862305,111.23193359375,366.6781921386719,51.5679931640625,183.43197631835938
2022-05-20,304.04998779296875,44.89151382446289,111.28558349609375,366.83831787109375,51.49085998535156,183.43197631835938
2022-05-23,310.20001220703125,45.23636245727539,112.17813110351562,373.70184326171875,52.52260208129883,186.5686798095703
2022-05-24,309.1700134277344,44.48478317260742,109.21760559082031,370.8490295410156,51.548702239990234,184.69984436035156
2022-05-25,308.6400146484375,44.69698715209961,111.49042510986328,374.1255187988281,52.13689422607422,186.7565155029297
2022-05-26,312.5,45.3513069152832,115.2166976928711,381.6010437011719,53.457908630371094,190.57879638671875
2022-05-27,319.1099853515625,45.86415100097656,119.7867431640625,390.9690856933594,55.26106643676758,195.4059600830078
2022-05-31,315.9800109863281,46.48310089111328,119.28925323486328,388.7753601074219,55.048919677734375,193.80003356933594
2022-06-01,312.2099914550781,46.1647834777832,117.32856750488281,385.6307067871094,54.65358352661133,192.52279663085938
2022-06-02,314.95001220703125,46.96941375732422,121.47428131103516,392.97442626953125,56.07102966308594,196.4484405517578
2022-06-03,310.94000244140625,46.182464599609375,117.89434814453125,386.525146484375,54.71144104003906,193.3116912841797
2022-06-06,312.1499938964844,46.37699890136719,117.99188995361328,387.7020263671875,54.9621467590332,193.88453674316406
2022-06-07,313.6499938964844,46.54499816894531,118.93321228027344,391.42095947265625,55.45391845703125,195.98826599121094
2022-06-08,308.739990234375,46.686466217041016,116.45553588867188,387.1653747558594,54.9525032043457,193.7906494140625
2022-06-09,300.79998779296875,45.634605407714844,113.35844421386719,377.95751953125,53.51577377319336,189.1513214111328
2022-06-10,291.7099914550781,45.178428649902344,109.16395568847656,366.99835205078125,51.558345794677734,183.53526306152344
2022-06-13,281.55999755859375,43.59526443481445,103.0965805053711,353.06402587890625,49.340579986572266,176.0409698486328
2022-06-14,277.6400146484375,44.15876388549805,103.85255432128906,352.0001525878906,49.408077239990234,175.54324340820312
2022-06-15,278.92999267578125,44.766990661621094,105.75471496582031,357.01849365234375,50.52660369873047,178.09768676757812
2022-06-16,268.55999755859375,43.36271286010742,99.48736572265625,345.20245361328125,48.66560745239258,171.880615234375
2022-06-17,268.0799865722656,43.55949401855469,100.30187225341797,345.9466552734375,49.022369384765625,172.5286102294922
2022-06-21,271.7699890136719,44.13193893432617,103.14534759521484,354.65545654296875,50.32844161987305,176.70774841308594
2022-06-22,269.7900085449219,43.34482192993164,101.69190979003906,354.012451171875,50.31877899169922,176.67959594726562
2022-06-23,267.5199890136719,43.505821228027344,101.16515350341797,357.4826965332031,51.1405029296875,178.2815704345703
2022-06-24,278.2799987792969,44.525489807128906,105.42794036865234,368.84844970703125,52.899967193603516,184.04263305664062
2022-06-27,278.3999938964844,44.53443145751953,105.07676696777344,367.43951416015625,52.542266845703125,183.4768829345703
2022-06-28,273.8599853515625,44.23031997680664,102.42837524414062,359.9316711425781,50.98583221435547,179.6959228515625
2022-06-29,273.489990234375,44.09615707397461,100.623779296875,359.6385192871094,51.11149978637695,179.39418029785156
2022-06-30,273.0199890136719,43.881492614746094,99.36542510986328,356.7167663574219,50.54112243652344,177.8478240966797
2022-07-01,277.5,43.55949401855469,95.59040832519531,360.4895935058594,50.89882278442383,179.72421264648438
2022-07-05,275.69000244140625,43.2196044921875,96.09275817871094,361.1703796386719,51.623870849609375,180.36534118652344
2022-07-06,275.6499938964844,42.942317962646484,96.74632263183594,362.3901672363281,51.97189712524414,180.72364807128906
2022-07-07,279.2799987792969,43.84571075439453,101.21394348144531,367.8177490234375,53.006309509277344,183.70318603515625
2022-07-08,280.8299865722656,43.79204177856445,101.76020050048828,367.5151672363281,53.06431579589844,183.51461791992188
2022-07-11,278.510009765625,42.69187545776367,99.32154083251953,363.3168640136719,52.14590835571289,181.19508361816406
2022-07-12,277.2799987792969,42.52193069458008,99.28251647949219,360.10186767578125,51.41118240356445,179.62986755371094
2022-07-13,277.4700012207031,42.45037078857422,100.0677719116211,358.2107238769531,51.2468376159668,178.84730529785156
2022-07-14,274.4100036621094,42.12837219238281,102.17964935302734,357.3407897949219,51.353187561035156,178.05528259277344
2022-07-15,278.4800109863281,42.360931396484375,104.7597427368164,364.16778564453125,52.31025314331055,181.5156707763672
2022-07-18,276.260009765625,42.63821029663086,103.9842529296875,361.1609802246094,51.83656311035156,180.26162719726562
2022-07-19,283.54998779296875,43.32693099975586,108.73474884033203,370.91925048828125,53.4220085144043,185.2966766357422
2022-07-20,286.0400085449219,43.13909912109375,111.29534149169922,373.2831115722656,54.12772750854492,186.79586791992188
2022-07-21,286.8500061035156,43.622100830078125,113.16334533691406,377.0843505859375,55.036460876464844,188.64390563964844
2022-07-22,285.92999267578125,43.19276428222656,110.6027603149414,373.5857849121094,54.12772750854492,186.5978240966797
2022-07-25,287.989990234375,43.38059616088867,109.91993713378906,374.0396423339844,53.924705505371094,186.85243225097656
2022-07-26,285.30999755859375,42.99599075317383,108.26165008544922,369.6143798828125,52.899967193603516,184.54232788085938
2022-07-27,290.29998779296875,43.82781982421875,113.32917022705078,379.2119445800781,55.0074577331543,189.38880920410156
2022-07-28,293.8999938964844,44.0067138671875,114.7143325805664,383.9681091308594,55.7905158996582,191.85916137695312
2022-07-29,300.6000061035156,43.881492614746094,115.67029571533203,389.56591796875,56.989280700683594,194.470947265625
2022-08-01,295.8599853515625,43.505821228027344,115.90438842773438,388.4122619628906,56.77658462524414,194.01840209960938
2022-08-02,292.1700134277344,43.264320373535156,115.6654052734375,385.84979248046875,56.42856216430664,192.97178649902344
2022-08-03,294.9599914550781,43.622100830078125,118.43084716796875,391.8919982910156,57.743324279785156,196.0738983154297
2022-08-04,292.9100036621094,43.94409942626953,119.63552856445312,391.627197265625,57.975345611572266,195.88531494140625
2022-08-05,292.07000732421875,43.93515396118164,118.82102966308594,390.9653015136719,57.65632247924805,195.8192901611328
2022-08-08,292.3399963378906,44.01565170288086,116.7676773071289,390.51141357421875,57.47265625,195.99844360351562
2022-08-09,292.7699890136719,43.9083251953125,111.880615234375,388.9607238769531,56.989280700683594,194.7632598876953
2022-08-10,295.1099853515625,44.45393371582031,116.41163635253906,397.1305236816406,58.565059661865234,199.20431518554688
2022-08-11,296.4700012207031,44.62387466430664,116.38725280761719,397.1305236816406,58.3137092590332,199.21372985839844
2022-08-12,301.54998779296875,45.097930908203125,119.674560546875,403.853515625,59.47378921508789,202.66470336914062
2022-08-15,302.82000732421875,44.86537551879883,120.2159423828125,405.51763916015625,59.80248260498047,203.45672607421875
2022-08-16,306.6499938964844,44.892208099365234,118.86005401611328,406.3119812011719,59.77348327636719,203.8904571533203
2022-08-17,304.260009765625,44.73120880126953,116.30921173095703,403.427978515625,59.31911849975586,202.06126403808594
2022-08-18,304.2699890136719,44.45393371582031,117.93336486816406,404.6004638671875,59.43513107299805,202.5892791748047
2022-08-19,297.2799987792969,43.881492614746094,114.61190795898438,399.16351318359375,58.35236740112305,199.694580078125
2022-08-22,288.69000244140625,43.505821228027344,110.61739349365234,390.8518981933594,56.882930755615234,195.4232940673828
2022-08-23,289.6499938964844,43.729434967041016,111.3343505859375,389.90631103515625,56.757259368896484,195.0556182861328
2022-08-24,293.5199890136719,43.8099365234375,111.26119232177734,391.15447998046875,56.90226745605469,195.8759002685547
2022-08-25,298.1300048828125,44.67754364013672,114.99722290039062,396.67657470703125,57.830345153808594,198.71397399902344
2022-08-26,289.9599914550781,43.96199035644531,108.60305786132812,383.24945068359375,55.51982879638672,192.1326141357422
2022-08-29,287.45001220703125,43.747318267822266,106.58873748779297,380.7153625488281,54.93979263305664,190.7277069091797
2022-08-30,285.4200134277344,43.2196044921875,105.3694076538086,376.535888671875,54.33073806762695,188.60618591308594
2022-08-31,280.79998779296875,43.34482192993164,104.6524429321289,373.67083740234375,53.93437957763672,187.2201385498047
2022-09-01,282.42999267578125,43.049652099609375,102.36498260498047,374.8433532714844,54.06972122192383,187.3332977294922
2022-09-02,277.6700134277344,42.71870803833008,101.36026000976562,370.8908386230469,53.36399459838867,185.47584533691406
2022-09-06,276.5899963378906,42.19993209838867,100.22871398925781,369.4914245605469,53.15132522583008,184.72149658203125
2022-09-07,281.0400085449219,42.53982162475586,101.82847595214844,376.12933349609375,54.16639709472656,188.134765625
2022-09-08,283.3399963378906,42.369873046875,103.20875549316406,378.58782958984375,54.52409362792969,189.62452697753906
2022-09-09,285.7699890136719,42.99599075317383,105.76934814453125,384.46929931640625,55.597164154052734,192.7737579345703
2022-09-12,288.510009765625,43.58631896972656,106.03272247314453,388.6014404296875,56.29322052001953,194.84817504882812
2022-09-13,278.2900085449219,42.20887756347656,99.72148895263672,371.70404052734375,53.36399459838867,186.47528076171875
2022-09-14,278.4200134277344,42.48615646362305,100.80424499511719,373.12237548828125,53.6153450012207,187.20132446289062
2022-09-15,276.70001220703125,42.047874450683594,99.0093994140625,368.8863220214844,52.79363250732422,185.202392578125
2022-09-16,274.80999755859375,41.61853790283203,99.45323944091797,366.07208251953125,52.38759231567383,183.51461791992188
2022-09-19,278.95001220703125,41.74375534057617,100.1067886352539,368.910888671875,52.81788635253906,184.81578063964844
2022-09-20,277.1300048828125,41.55593490600586,98.72163391113281,364.6763610839844,52.30424880981445,182.666015625
2022-09-21,270.739990234375,40.88509750366211,97.89736938476562,358.3150329589844,51.383575439453125,179.5450439453125
2022-09-22,268.510009765625,40.697261810302734,95.18557739257812,355.3052673339844,50.87961959838867,177.53668212890625
2022-09-23,267.7699890136719,39.6865348815918,93.82481384277344,349.3521423339844,50.075233459472656,174.4744415283203
2022-09-26,264.32000732421875,39.14092254638672,92.73230743408203,345.8960876464844,49.76511001586914,172.56170654296875
2022-09-27,265.4700012207031,39.0962028503418,93.43462371826172,345.0131530761719,49.76511001586914,172.30604553222656
2022-09-28,271.7799987792969,39.45398712158203,94.62469482421875,351.8017578125,50.705177307128906,175.9326171875
2022-09-29,269.5799865722656,38.61320114135742,91.64464569091797,344.4529724121094,49.40653991699219,172.27761840820312
2022-09-30,267.0199890136719,38.44326400756836,90.28876495361328,339.12646484375,48.55369567871094,169.93882751464844
2022-10-03,272.79998779296875,39.0962028503418,93.52729034423828,348.079833984375,49.70697021484375,174.2566375732422
2022-10-04,280.489990234375,40.34843063354492,97.52669525146484,358.86572265625,51.28664779663086,179.85276794433594
2022-10-05,279.3599853515625,40.3037109375,98.49240112304688,358.03021240234375,51.257572174072266,179.51190185546875
2022-10-06,276.30999755859375,40.09798812866211,97.81932830810547,354.3367919921875,50.84084701538086,177.7980194091797
2022-10-07,269.0400085449219,39.257205963134766,91.9860610961914,344.4529724121094,49.018890380859375,172.71322631835938
2022-10-10,266.92999267578125,38.75632095336914,88.91336059570312,341.82293701171875,48.50523376464844,171.3402099609375
2022-10-11,267.30999755859375,38.201759338378906,86.1089096069336,339.6581726074219,47.94314193725586,170.24183654785156
2022-10-12,264.0,38.201759338378906,85.5919189453125,338.537841796875,47.89467239379883,169.77784729003906
2022-10-13,275.7799987792969,38.32698440551758,88.21102905273438,347.4722900390625,49.06733703613281,173.99151611328125
2022-10-14,272.6700134277344,37.75453567504883,84.45062255859375,339.5537414550781,47.62331771850586,169.8914794921875
2022-10-17,277.0199890136719,38.747371673583984,86.4503173828125,348.2792663574219,49.232086181640625,174.4270782470703
2022-10-18,281.6700134277344,38.77420425415039,86.4698257446289,352.3714294433594,49.71665954589844,176.55758666992188
2022-10-19,278.3399963378906,38.10336685180664,87.16728973388672,349.8743896484375,49.33869171142578,175.05203247070312
2022-10-20,273.5299987792969,38.353816986083984,87.85986328125,346.9405517578125,48.97042465209961,173.53701782226562
2022-10-21,282.510009765625,38.872596740722656,90.88867950439453,355.3717041015625,50.21091842651367,177.5329132080078
2022-10-24,287.4800109863281,37.48619842529297,91.17642974853516,359.72021484375,50.821468353271484,179.4456024169922
2022-10-25,289.239990234375,37.8797607421875,92.6201171875,365.46441650390625,51.839073181152344,182.6934356689453
2022-10-26,288.5199890136719,38.41642379760742,91.71293640136719,362.7109680175781,50.724552154541016,181.56666564941406
2022-10-27,289.8800048828125,38.174930572509766,90.5667724609375,360.774169921875,49.95893859863281,180.71441650390625
2022-10-28,299.6300048828125,37.99604415893555,94.0247802734375,369.3571472167969,51.24789047241211,184.9186553955078
2022-10-31,295.0899963378906,37.8797607421875,92.28845977783203,366.6892395019531,50.74394226074219,183.72557067871094
2022-11-01,294.1300048828125,38.5327033996582,92.92738342285156,365.0845642089844,50.20122146606445,183.15740966796875
2022-11-02,289.4599914550781,38.201759338378906,90.26437377929688,355.92242431640625,48.524620056152344,178.33775329589844
2022-11-03,283.8500061035156,38.43431854248047,89.20600128173828,352.2574768066406,47.65239334106445,176.63330078125
2022-11-04,287.4700012207031,39.99959945678711,93.35171508789062,357.3275451660156,48.35017395019531,178.90591430664062
2022-11-07,290.19000244140625,39.99959945678711,95.1953353881836,360.7456970214844,48.86381149291992,180.53453063964844
2022-11-08,292.6099853515625,40.3037109375,97.24868774414062,362.6920166015625,49.12548065185547,181.4814453125
2022-11-09,288.6499938964844,39.60603713989258,94.60518646240234,355.2198181152344,47.981895446777344,177.57078552246094
2022-11-10,303.20001220703125,41.04609680175781,104.27200317382812,374.74053955078125,51.528934478759766,187.6173095703125
2022-11-11,309.7200012207031,41.976318359375,107.69100952148438,378.36749267578125,52.381778717041016,189.52999877929688
2022-11-14,308.9100036621094,41.761653900146484,106.6716537475586,375.1488342285156,51.848758697509766,187.81614685058594
2022-11-15,309.9800109863281,42.673988342285156,110.03211975097656,378.3485107421875,52.4205436706543,189.71939086914062
2022-11-16,308.760009765625,41.949485778808594,106.07173156738281,375.4621887207031,51.90690612792969,187.78775024414062
2022-11-17,307.44000244140625,42.05681610107422,106.87161254882812,374.31329345703125,51.683998107910156,187.0018310546875
2022-11-18,310.760009765625,41.80637741088867,107.06671142578125,376.0128173828125,51.74215316772461,187.8824462890625
2022-11-21,311.20001220703125,41.34126281738281,105.19381713867188,374.6456298828125,51.23820114135742,187.0870361328125
2022-11-22,315.760009765625,41.43070602416992,108.25189971923828,379.6872253417969,51.98443603515625,189.53948974609375
2022-11-23,316.17999267578125,41.779541015625,109.1932144165039,382.07989501953125,52.498077392578125,190.6947021484375
2022-11-25,317.42999267578125,41.61853790283203,107.91048431396484,381.9945068359375,52.30424880981445,190.83677673339844
2022-11-28,313.2699890136719,41.43965530395508,105.36453247070312,375.89886474609375,51.41264343261719,187.74038696289062
2022-11-29,315.1300048828125,42.28937530517578,105.07676696777344,375.2533264160156,51.063758850097656,187.44686889648438
2022-11-30,318.6000061035156,43.434268951416016,111.07098388671875,387.07403564453125,53.2830696105957,193.22288513183594
2022-12-01,315.8399963378906,43.35376739501953,110.71493530273438,386.7892150878906,53.37028884887695,193.3365478515625
2022-12-02,316.1499938964844,43.54159927368164,109.1932144165039,386.34295654296875,53.21523666381836,193.1566162109375
2022-12-05,310.57000732421875,43.03176498413086,107.89097595214844,379.3929138183594,52.178260803222656,189.35955810546875
2022-12-06,307.7799987792969,42.95126724243164,105.52547454833984,373.924072265625,51.180057525634766,186.51890563964844
2022-12-07,305.82000732421875,42.72765350341797,105.5010986328125,373.2879333496094,50.96684265136719,186.21591186523438
2022-12-08,305.989990234375,43.19276428222656,108.1884994506836,376.21221923828125,51.54832458496094,187.82565307617188
2022-12-09,306.3900146484375,42.942317962646484,107.32032012939453,373.4018249511719,51.18974685668945,186.25376892089844
2022-12-12,311.45001220703125,42.7992057800293,109.23223876953125,378.7852478027344,51.85844421386719,188.93345642089844
2022-12-13,312.3299865722656,43.142940521240234,111.05146789550781,381.652587890625,52.48838424682617,190.3443603515625
2022-12-14,309.2900085449219,43.16107940673828,109.13956451416016,379.2124938964844,52.129798889160156,189.28384399414062
2022-12-15,301.9100036621094,42.19972229003906,104.98410034179688,369.9363708496094,50.51134490966797,184.5682830810547
2022-12-16,300.0,42.26321029663086,104.16959381103516,365.56878662109375,49.80387878417969,182.45677185058594
2022-12-19,300.0299987792969,42.34482955932617,102.9368896484375,362.46893310546875,49.386016845703125,180.6197967529297
2022-12-20,302.0,42.30855941772461,102.43374633789062,362.9648742675781,49.366580963134766,180.99850463867188
2022-12-21,307.82000732421875,42.662261962890625,104.72254943847656,368.39208984375,50.09541702270508,183.7350616455078
2022-12-22,302.69000244140625,42.317626953125,100.38172149658203,363.1366271972656,49.2208137512207,181.12899780273438
2022-12-23,306.489990234375,42.26321029663086,100.37185668945312,365.2254943847656,49.4637565612793,182.12803649902344
2022-12-27,305.54998779296875,42.861785888671875,98.57632446289062,363.78521728515625,49.094486236572266,181.3668670654297
2022-12-28,303.42999267578125,42.22693634033203,97.32340240478516,359.26409912109375,48.48225402832031,179.08340454101562
2022-12-29,309.05999755859375,42.9615478515625,100.50010681152344,365.73095703125,49.317989349365234,182.37542724609375
2022-12-30,308.8999938964844,42.353904724121094,100.1054916381836,364.767578125,49.24024963378906,181.90919494628906
2023-01-03,309.9100036621094,42.68947219848633,99.33596801757812,363.2319641113281,48.6474609375,181.1670684814453
2023-01-04,314.54998779296875,43.931968688964844,101.8615493774414,366.03631591796875,48.7737922668457,182.7750244140625
2023-01-05,312.8999938964844,43.71430587768555,100.03643035888672,361.8584899902344,48.21015548706055,180.6342315673828
2023-01-06,318.69000244140625,44.65752410888672,104.41178131103516,370.1566467285156,49.2693977355957,184.62086486816406
2023-01-09,315.5299987792969,44.97494888305664,106.68578338623047,369.94683837890625,49.2693977355957,184.69696044921875
2023-01-10,316.3500061035156,45.27423095703125,108.0718994140625,372.54119873046875,49.58036804199219,186.1526641845703
2023-01-11,320.3699951171875,45.51910400390625,109.3396224975586,377.2530517578125,50.260623931884766,188.60745239257812
2023-01-12,318.92999267578125,45.736778259277344,110.97728729248047,378.6265563964844,50.42581558227539,189.5208282470703
2023-01-13,317.6400146484375,45.98164749145508,111.37684631347656,380.09552001953125,50.63961410522461,190.32958984375
2023-01-17,314.8599853515625,45.74584197998047,112.03783416748047,379.3991394042969,50.68820571899414,190.0727081298828
2023-01-18,308.29998779296875,45.43748474121094,111.33739471435547,373.4092102050781,49.988521575927734,187.0756072998047
2023-01-19,305.2300109863281,45.800262451171875,108.61449432373047,370.69085693359375,49.73585891723633,185.5532989501953
2023-01-20,309.8699951171875,46.444183349609375,112.1463623046875,377.59649658203125,50.68820571899414,189.11170959472656
2023-01-23,310.4200134277344,46.788822174072266,117.43428039550781,382.1270751953125,51.33930206298828,191.50941467285156
2023-01-24,311.29998779296875,46.77975082397461,116.60063934326172,381.7169494628906,51.300418853759766,191.19541931152344
2023-01-25,311.8999938964844,46.83416748046875,116.71902465820312,381.8600158691406,51.222686767578125,191.29055786132812
2023-01-26,310.95001220703125,47.26949691772461,118.8105239868164,386.0567932128906,51.902931213378906,193.2600860595703
2023-01-27,309.1700134277344,47.01555633544922,118.03114318847656,386.9438781738281,52.07785415649414,194.04031372070312
2023-01-30,307.3299865722656,46.10861587524414,115.20467376708984,382.0888977050781,51.271270751953125,191.44281005859375
2023-01-31,311.5199890136719,46.135826110839844,116.95579528808594,387.7069091796875,52.0001106262207,194.5065155029297
2023-02-01,310.57000732421875,46.71626663208008,122.47062683105469,391.827392578125,52.59290313720703,196.87564086914062
2023-02-02,311.8599853515625,46.46232223510742,125.08992004394531,397.53118896484375,53.214839935302734,199.81561279296875
2023-02-03,308.510009765625,45.646080017089844,122.79125213623047,393.3057861328125,52.85527420043945,197.75096130371094
2023-02-06,308.42999267578125,45.056575775146484,120.74909210205078,390.90216064453125,52.56373977661133,196.26670837402344
2023-02-07,312.9700012207031,45.23796081542969,124.37467956542969,396.0146484375,53.418907165527344,198.740478515625
2023-02-08,308.4800109863281,45.13819885253906,121.93788146972656,391.684326171875,52.767818450927734,196.61871337890625
2023-02-09,307.2099914550781,45.355857849121094,122.42129516601562,388.2886962890625,52.417972564697266,194.706298828125
2023-02-10,309.8900146484375,44.956809997558594,120.36433410644531,389.19482421875,52.544307708740234,195.0583038330078
2023-02-13,313.739990234375,45.319583892822266,122.1746597290039,393.76361083984375,53.069068908691406,197.37991333007812
2023-02-14,310.7900085449219,45.19261169433594,124.80382537841797,393.5823974609375,53.16624450683594,197.4560089111328
2023-02-15,309.6300048828125,44.83890151977539,124.79889678955078,394.8604736328125,53.29257583618164,198.3408660888672
2023-02-16,308.17999267578125,44.875186920166016,121.41009521484375,389.4237060546875,52.48599624633789,195.6958465576172
2023-02-17,308.239990234375,44.48520278930664,119.752685546875,388.450927734375,52.26249694824219,195.12493896484375
2023-02-21,302.7200012207031,43.931968688964844,116.11229705810547,380.65814208984375,51.29071044921875,191.0812530517578
2023-02-22,303.1600036621094,43.732444763183594,115.54503631591797,380.133544921875,51.25183868408203,190.91949462890625
2023-02-23,303.07000732421875,43.95917892456055,119.63922119140625,382.1556701660156,51.64055252075195,191.9375762939453
2023-02-24,304.0199890136719,43.0250358581543,117.50333404541016,378.0733947753906,50.979732513427734,189.7967529296875
2023-02-27,304.6600036621094,43.2336311340332,118.03114318847656,379.3609924316406,51.24211883544922,190.4722900390625
2023-02-28,305.17999267578125,42.94340515136719,118.09033203125,377.9588623046875,50.98945617675781,189.8348388671875
2023-03-01,304.6199951171875,43.86848449707031,118.16925048828125,376.509033203125,50.81453323364258,190.29153442382812
2023-03-02,307.75,44.022666931152344,119.21500396728516,379.43731689453125,51.174095153808594,190.58648681640625
2023-03-03,312.45001220703125,44.39450454711914,120.83295440673828,385.5226745605469,52.00984191894531,193.688232421875
2023-03-06,316.9700012207031,44.267539978027344,119.75761413574219,385.78973388671875,52.213905334472656,193.43136596679688
2023-03-07,311.1199951171875,43.541988372802734,118.42083740234375,379.87603759765625,51.475341796875,190.5484161376953
2023-03-08,311.3699951171875,43.7596549987793,121.51860809326172,380.49603271484375,51.562808990478516,190.7958221435547
2023-03-09,304.82000732421875,42.82551574707031,119.19034576416016,373.4759216308594,50.736793518066406,187.02804565429688
2023-03-10,303.6300048828125,42.61691665649414,117.26163482666016,368.0868835449219,50.02739715576172,183.8787078857422
2023-03-13,302.8800048828125,42.62598419189453,117.18270874023438,367.56231689453125,50.192596435546875,183.1175537109375
2023-03-14,305.3299865722656,42.62598419189453,120.68989562988281,373.6380615234375,51.05747985839844,186.38104248046875
2023-03-15,297.8800048828125,41.90043640136719,119.3333969116211,371.3012390136719,50.85341262817383,184.9443359375
2023-03-16,302.010009765625,42.508079528808594,124.10830688476562,377.8158264160156,51.7960319519043,188.14126586914062
2023-03-17,293.510009765625,42.23600387573242,123.47691345214844,373.39813232421875,51.39760208129883,185.71502685546875
2023-03-20,301.05999755859375,42.38111114501953,124.719970703125,376.98858642578125,51.88417434692383,187.33248901367188
2023-03-21,303.8500061035156,42.79829788208008,125.11459350585938,381.9386291503906,52.63498306274414,190.006103515625
2023-03-22,299.7300109863281,42.952484130859375,124.31055450439453,375.42791748046875,51.9036750793457,186.60939025878906
2023-03-23,298.3699951171875,43.4785041809082,127.61548614501953,376.4428405761719,52.186458587646484,186.949462890625
2023-03-24,298.9200134277344,43.39687728881836,125.5979995727539,378.9130859375,52.42046356201172,188.1244659423828
2023-03-27,302.1400146484375,43.1792106628418,124.13296508789062,379.62158203125,52.34246826171875,188.60211181640625
2023-03-28,302.32000732421875,43.72337341308594,123.26972961425781,378.76947021484375,52.186458587646484,188.33462524414062
2023-03-29,305.29998779296875,43.850341796875,127.10742950439453,384.2748718261719,52.8690071105957,191.04763793945312
2023-03-30,305.0799865722656,44.31288146972656,128.9276123046875,386.5248718261719,53.1907844543457,192.07936096191406
2023-03-31,308.7699890136719,44.2494010925293,129.82537841796875,391.97283935546875,53.98059844970703,194.973876953125
2023-04-03,310.30999755859375,44.376373291015625,129.08546447753906,393.4664306640625,54.34136962890625,195.48971557617188
2023-04-04,309.07000732421875,44.39450454711914,127.10250854492188,391.2834167480469,54.05860137939453,194.18099975585938
2023-04-05,310.3900146484375,44.031734466552734,124.87781524658203,390.2588806152344,53.902587890625,193.4740447998047
2023-04-06,312.510009765625,44.22218704223633,124.50292205810547,391.78125,54.15611267089844,194.11410522460938
2023-04-10,312.6199951171875,44.31288146972656,126.38724517822266,392.1833801269531,54.11711120605469,194.5535430908203
2023-04-11,313.70001220703125,44.62124252319336,125.71638488769531,392.28875732421875,54.048858642578125,194.75413513183594
2023-04-12,314.54998779296875,44.34009552001953,123.48184204101562,390.68975830078125,53.8343391418457,193.9326171875
2023-04-13,318.04998779296875,44.96588134765625,124.47826385498047,395.87921142578125,54.68266677856445,196.45457458496094
2023-04-14,319.739990234375,44.69379425048828,124.34507751464844,394.912109375,54.536399841308594,195.91006469726562
2023-04-17,323.7900085449219,44.89332580566406,124.25628662109375,396.3291931152344,54.51689147949219,196.69337463378906
2023-04-18,324.6300048828125,44.811702728271484,124.81369018554688,396.5876770019531,54.56564712524414,196.78890991210938
2023-04-19,323.0899963378906,44.35823059082031,123.62982940673828,396.520751953125,54.55590057373047,196.8844757080078
2023-04-20,323.82000732421875,44.276607513427734,123.76795196533203,394.3567810058594,54.27312469482422,195.66165161132812
2023-04-21,324.3299865722656,43.85941696166992,122.5002212524414,394.6632385253906,54.29262924194336,195.8336181640625
2023-04-24,326.04998779296875,43.786861419677734,121.84416961669922,395.07489013671875,54.360877990722656,195.91006469726562
2023-04-25,324.3399963378906,42.94340515136719,117.98181915283203,388.80352783203125,53.561317443847656,192.6429901123047
2023-04-26,320.5299987792969,43.251773834228516,118.80559539794922,387.1567687988281,53.39555358886719,191.77365112304688
2023-04-27,326.2300109863281,43.84128189086914,119.95491790771484,394.8642578125,54.3121223449707,195.3750762939453
2023-04-28,328.54998779296875,44.05894088745117,121.96255493164062,398.23455810546875,54.750919342041016,197.07553100585938
2023-05-01,330.1700134277344,43.91383743286133,122.89485168457031,397.8323669433594,54.78016662597656,196.97998046875
2023-05-02,325.8599853515625,43.52385330200195,121.8293685913086,393.3610534667969,54.185367584228516,194.57266235351562
2023-05-03,323.2200012207031,43.46943283081055,120.5715103149414,390.66107177734375,53.87333679199219,193.43588256835938
2023-05-04,320.0,43.823143005371094,120.16703033447266,387.89398193359375,53.5125617980957,191.99337768554688
2023-05-05,323.8800048828125,44.35823059082031,122.70740509033203,395.07489013671875,54.633907318115234,195.53749084472656
2023-05-08,326.1400146484375,44.35823059082031,123.38812255859375,395.1802673339844,54.692405700683594,195.74766540527344
2023-05-09,324.8699951171875,44.07707595825195,121.48408508300781,393.4472961425781,54.43888854980469,194.94522094726562
2023-05-10,322.989990234375,44.10429000854492,122.47062683105469,395.28558349609375,54.7996711730957,195.80496215820312
2023-05-11,322.6400146484375,43.886619567871094,121.38542175292969,394.59619140625,54.828922271728516,195.54702758789062
2023-05-12,322.489990234375,43.42409133911133,121.24730682373047,394.07916259765625,54.78016662597656,195.08853149414062
2023-05-15,323.5299987792969,44.16777801513672,124.42400360107422,395.438720703125,54.85818099975586,195.9196014404297
2023-05-16,323.75,43.86848449707031,124.3944091796875,392.7961730957031,54.68266677856445,194.4007110595703
2023-05-17,327.3900146484375,44.086158752441406,127.7585678100586,397.5643310546875,55.24821472167969,196.9226837158203
2023-05-18,329.760009765625,43.87755584716797,132.2375030517578,401.3941650390625,55.823509216308594,198.88101196289062
2023-05-19,330.3900146484375,43.90476608276367,131.5074462890625,400.81011962890625,55.833251953125,198.40335083007812
2023-05-22,329.1300048828125,44.2494010925293,131.39894104003906,400.9728698730469,55.823509216308594,198.74728393554688
2023-05-23,323.1099853515625,43.62360763549805,129.50474548339844,396.4728088378906,55.2092170715332,196.64566040039062
2023-05-24,320.20001220703125,43.36967086791992,127.60069274902344,393.6004333496094,54.867923736572266,195.12677001953125
2023-05-25,319.0199890136719,43.27898025512695,138.5711669921875,397.0089416503906,55.72599792480469,196.45457458496094
2023-05-26,320.6000061035156,43.98638916015625,145.37838745117188,402.1505126953125,56.42805480957031,199.04339599609375
2023-05-30,322.19000244140625,43.50571060180664,146.07884216308594,402.30364990234375,56.47681427001953,199.11024475097656
2023-05-31,321.0799865722656,43.15201187133789,142.38912963867188,400.0729064941406,56.155033111572266,197.91615295410156
2023-06-01,323.1199951171875,43.895694732666016,144.52993774414062,403.8739013671875,56.749839782714844,199.8936004638672
2023-06-02,329.4800109863281,44.630313873291016,144.17478942871094,409.71441650390625,57.44214630126953,203.19886779785156
2023-06-05,328.5799865722656,44.575897216796875,142.369384765625,408.9293518066406,57.38363265991211,202.6639404296875
2023-06-06,333.4100036621094,45.002159118652344,143.3756866455078,409.8197326660156,57.35438537597656,203.59056091308594
2023-06-07,335.4200134277344,44.81258010864258,142.55685424804688,408.4027099609375,56.88634490966797,203.18931579589844
2023-06-08,335.95001220703125,45.13311767578125,144.2043914794922,410.8730163574219,57.38363265991211,204.1446075439453
2023-06-09,335.2900085449219,45.32545471191406,144.86537170410156,411.61016845703125,57.52015686035156,204.3643341064453
2023-06-12,333.6000061035156,45.444515228271484,149.1470184326172,415.34423828125,58.13445281982422,206.198486328125
2023-06-13,336.3900146484375,45.86580276489258,151.2089080810547,418.08258056640625,58.50498580932617,207.71739196777344
2023-06-14,335.8999938964844,46.17719268798828,153.507568359375,418.5804138183594,58.583003997802734,207.71739196777344
2023-06-15,339.82000732421875,46.59848403930664,152.4026336669922,423.7698669433594,59.236289978027344,210.24891662597656
2023-06-16,338.30999755859375,46.43363571166992,151.3174285888672,422.3264465332031,58.99252700805664,209.45599365234375
2023-06-20,338.6700134277344,45.6093635559082,150.78468322753906,420.1352844238281,58.86146545410156,208.42430114746094
2023-06-21,338.6099853515625,45.444515228271484,147.3317413330078,417.9826354980469,58.50934982299805,207.27793884277344
2023-06-22,336.9599914550781,45.279659271240234,148.0618133544922,419.4914245605469,58.95927429199219,207.83201599121094
2023-06-23,335.25,44.6294059753418,145.5460968017578,416.3200988769531,58.48000717163086,206.11265563964844
2023-06-26,334.1199951171875,44.81258010864258,144.875244140625,414.6191101074219,57.98118591308594,205.39346313476562
2023-06-27,335.3399963378906,45.24302291870117,149.47256469726562,419.1647644042969,58.616939544677734,207.89625549316406
2023-06-28,334.1499938964844,44.95911407470703,148.12100219726562,419.3761901855469,58.68540954589844,208.06886291503906
2023-06-29,336.9100036621094,44.74846649169922,147.90394592285156,421.029052734375,58.89080810546875,209.066162109375
2023-06-30,341.0,45.14228057861328,150.20260620117188,425.9974365234375,59.673282623291016,211.23333740234375
2023-07-03,342.0,45.655155181884766,151.5344696044922,426.48760986328125,59.71240234375,211.86624145507812
2023-07-05,341.55999755859375,45.389564514160156,148.6734619140625,425.8533020019531,59.60481262207031,211.22378540039062
2023-07-06,341.4599914550781,44.51034164428711,146.90753173828125,422.5186767578125,59.14511489868164,209.34425354003906
2023-07-07,340.8999938964844,45.02322006225586,147.045654296875,421.4518737792969,58.9201545715332,209.08535766601562
2023-07-10,341.1300048828125,45.03237533569336,149.1272735595703,422.5186767578125,58.89080810546875,209.99635314941406
2023-07-11,343.3699951171875,45.49946594238281,149.28514099121094,425.20947265625,59.09620666503906,211.64569091796875
2023-07-12,345.3500061035156,46.42447280883789,152.42236328125,428.6307067871094,59.5656852722168,213.26626586914062
2023-07-13,343.5400085449219,46.955665588378906,156.0824737548828,432.0325927734375,60.1721076965332,215.06906127929688
2023-07-14,341.0899963378906,46.69922637939453,154.7900848388672,431.7635803222656,60.30903244018555,214.75259399414062
2023-07-17,344.25,46.790809631347656,157.67083740234375,433.2627258300781,60.68070983886719,215.5677032470703
2023-07-18,345.3399963378906,46.506900787353516,158.10488891601562,436.4821472167969,61.07194519042969,217.28421020507812
2023-07-19,342.42999267578125,46.43363571166992,156.44749450683594,437.4527282714844,61.081729888916016,217.8499755859375
2023-07-20,346.6099853515625,46.06728744506836,150.91294860839844,434.55047607421875,60.514442443847656,216.27731323242188
2023-07-21,345.760009765625,46.04896926879883,151.72190856933594,434.55047607421875,60.56333923339844,216.25814819335938
2023-07-24,349.6300048828125,46.66259765625,151.85015869140625,436.4917297363281,60.83721160888672,217.02532958984375
2023-07-25,347.5799865722656,47.028934478759766,154.28695678710938,437.6833801269531,61.140411376953125,217.5718536376953
2023-07-26,349.79998779296875,47.267059326171875,152.5999298095703,437.75067138671875,61.09149932861328,217.7349090576172
2023-07-27,349.30999755859375,46.680908203125,155.34255981445312,434.848388671875,60.710052490234375,216.05679321289062
2023-07-28,349.80999755859375,47.77992630004883,158.34169006347656,439.1056823730469,61.38493728637695,218.3102569580078
2023-07-31,351.9599914550781,47.83488464355469,158.46006774902344,439.9418029785156,61.5120964050293,218.97193908691406
2023-08-01,352.260009765625,47.23957824707031,158.37127685546875,438.682861328125,61.30669403076172,218.37734985351562
2023-08-02,351.19000244140625,46.140560150146484,152.56048583984375,432.5804443359375,60.37751388549805,215.28004455566406
2023-08-03,353.80999755859375,46.314571380615234,152.1165313720703,431.3407287597656,60.30903244018555,214.6567840576172
2023-08-04,349.989990234375,46.323734283447266,152.17572021484375,429.3898620605469,59.78086853027344,213.74578857421875
2023-08-07,362.5799865722656,46.23214340209961,153.8134002685547,433.1377868652344,60.201446533203125,215.38552856445312
2023-08-08,363.7300109863281,45.69178771972656,151.2779541015625,431.2542419433594,60.025390625,214.38827514648438
2023-08-09,358.0199890136719,45.83832550048828,148.2788543701172,428.3711853027344,59.60481262207031,212.85394287109375
2023-08-10,356.9800109863281,45.85664749145508,147.95327758789062,428.5249328613281,59.6439323425293,212.8922882080078
2023-08-11,358.3500061035156,45.23386764526367,144.2438507080078,428.2750549316406,59.58525466918945,212.69091796875
2023-08-14,358.4800109863281,44.97742462158203,148.63400268554688,430.63922119140625,60.09385299682617,213.74578857421875
2023-08-15,354.5,44.53782272338867,146.8483428955078,425.6226806640625,59.51678466796875,211.3196258544922
2023-08-16,354.1099853515625,44.15316390991211,144.52993774414062,422.49945068359375,59.06686782836914,209.5743865966797
2023-08-17,353.19000244140625,44.27222442626953,143.55323791503906,419.2800598144531,58.695186614990234,207.85792541503906
2023-08-18,352.55999755859375,43.98830795288086,144.16493225097656,419.4818420410156,58.66585159301758,208.09762573242188
2023-08-21,352.0899963378906,44.12568664550781,149.00889587402344,422.2110900878906,59.34072494506836,209.2963104248047
2023-08-22,350.57000732421875,44.04326629638672,147.5192108154297,421.0674743652344,59.2331428527832,208.74012756347656
2023-08-23,354.260009765625,44.711830139160156,150.71563720703125,425.7572021484375,59.9471435546875,211.02236938476562
2023-08-24,354.29998779296875,44.56529235839844,146.81874084472656,419.85662841796875,59.047298431396484,208.19351196289062
2023-08-25,355.92999267578125,44.62024688720703,147.08509826660156,422.8165283203125,59.497230529785156,209.61276245117188
2023-08-28,355.54998779296875,45.03237533569336,148.90036010742188,425.4977722167969,59.83955764770508,210.9552764892578
2023-08-29,358.2900085449219,45.61852264404297,152.71832275390625,431.64825439453125,60.86655044555664,214.02386474609375
2023-08-30,361.05999755859375,45.47198486328125,153.49771118164062,433.4261169433594,61.22843933105469,214.97317504882812
2023-08-31,360.20001220703125,44.931636810302734,154.11924743652344,432.7917785644531,61.13063430786133,214.74301147460938
2023-09-01,362.4599914550781,45.444515228271484,154.10939025878906,433.5991516113281,61.1990966796875,215.45262145996094
2023-09-05,360.4700012207031,45.13311767578125,154.47438049316406,431.72515869140625,61.13063430786133,214.16766357421875
2023-09-06,361.6700134277344,44.88584518432617,152.67884826660156,428.8228759765625,60.514442443847656,212.82516479492188
2023-09-07,361.79998779296875,44.44623565673828,149.2949981689453,427.50628662109375,60.24057388305664,212.0963592529297
2023-09-08,363.1499938964844,44.52865982055664,148.3577880859375,428.15020751953125,60.3286018371582,212.3265380859375
2023-09-11,365.5199890136719,45.050697326660156,148.46630859375,430.96588134765625,60.73938751220703,213.65943908691406
2023-09-12,367.7799987792969,44.88584518432617,147.3514862060547,428.6018371582031,60.28948211669922,212.62379455566406
2023-09-13,367.82000732421875,44.830894470214844,148.5452117919922,429.1015625,60.436195373535156,212.65257263183594
2023-09-14,369.5,45.14228057861328,149.3541717529297,432.8013916015625,60.85676956176758,214.47451782226562
2023-09-15,367.8599853515625,44.95911407470703,144.83578491210938,427.5869140625,60.07428741455078,211.9525604248047
2023-09-18,370.42999267578125,44.89500045776367,145.31918334960938,427.8376770019531,60.191036224365234,211.97171020507812
2023-09-19,370.4800109863281,44.63856506347656,144.06626892089844,426.9504089355469,60.06351089477539,211.4347381591797
2023-09-20,366.82000732421875,44.482872009277344,141.69854736328125,423.0252990722656,59.416080474853516,209.56478881835938
2023-09-21,363.2799987792969,43.70439529418945,138.86712646484375,416.03338623046875,58.425323486328125,206.0499725341797
2023-09-22,360.1600036621094,44.17147445678711,140.05101013183594,415.09796142578125,58.37627410888672,205.61685180664062
2023-09-25,361.7099914550781,43.99746322631836,141.03753662109375,416.8435363769531,58.66074752807617,206.444580078125
2023-09-26,359.4200134277344,43.37468719482422,138.8079376220703,410.71954345703125,57.8465576171875,203.47061157226562
2023-09-27,357.7799987792969,43.44795608520508,140.08059692382812,410.8835144042969,57.94465255737305,203.68235778808594
2023-09-28,357.05999755859375,43.576175689697266,142.3496551513672,413.2655029296875,58.29780197143555,205.0297393798828
2023-09-29,350.29998779296875,43.58533477783203,143.03038024902344,412.2625732421875,58.15065002441406,204.4330596923828
2023-10-02,348.0799865722656,43.36552429199219,144.26356506347656,412.0986633300781,58.425323486328125,204.16358947753906
2023-10-03,343.0400085449219,42.81602096557617,141.05726623535156,406.582275390625,57.66017150878906,201.19921875
2023-10-04,343.69000244140625,42.67864227294922,143.25730895996094,409.5429992675781,58.140846252441406,202.6525421142578
2023-10-05,345.05999755859375,42.84349822998047,143.25730895996094,409.3886413574219,58.17026901245117,202.54666137695312
2023-10-06,346.3399963378906,43.44795608520508,146.35507202148438,414.249267578125,58.87656021118164,204.96240234375
2023-10-09,345.45001220703125,43.209835052490234,145.98016357421875,416.9013366699219,59.28856658935547,206.25209045410156
2023-10-10,348.55999755859375,43.832618713378906,147.7855682373047,419.0711975097656,59.49455642700195,207.53213500976562
2023-10-11,348.42999267578125,44.05241775512695,149.38377380371094,420.7879333496094,59.77903747558594,208.35020446777344
2023-10-12,345.6600036621094,43.60365295410156,150.1434326171875,418.22259521484375,59.582847595214844,206.675537109375
2023-10-13,345.0899963378906,43.42047882080078,146.38465881347656,416.1395263671875,59.28856658935547,205.51101684570312
2023-10-16,346.2300109863281,43.75934982299805,148.07167053222656,420.51788330078125,59.86731719970703,207.89784240722656
2023-10-17,345.3900146484375,43.65860366821289,146.3254852294922,420.4985656738281,59.73979568481445,208.16734313964844
2023-10-18,340.8900146484375,42.94424057006836,143.39541625976562,414.89544677734375,58.9942741394043,205.08749389648438
2023-10-19,338.6600036621094,42.74275207519531,142.41873168945312,411.2499694824219,58.41551208496094,203.15301513671875
2023-10-20,335.8599853515625,42.193241119384766,140.18911743164062,406.1965026855469,57.63075256347656,200.64102172851562
2023-10-23,336.8399963378906,42.165767669677734,140.68240356445312,405.4924621582031,57.61112976074219,200.09242248535156
2023-10-24,338.6300048828125,42.70611572265625,142.32994079589844,408.54962158203125,57.99370574951172,201.6034698486328
2023-10-25,336.8999938964844,42.15660858154297,136.81509399414062,402.6860656738281,57.02256393432617,198.61024475097656
2023-10-26,336.1600036621094,41.92764663696289,135.61151123046875,397.8640441894531,56.12990951538086,196.55062866210938
2023-10-27,331.7099914550781,41.89101028442383,136.4500732421875,396.06060791015625,55.933712005615234,195.49192810058594
2023-10-30,337.4100036621094,42.348941802978516,136.10479736328125,400.7958068847656,56.50265884399414,197.7440643310547
2023-10-31,341.3299865722656,42.07417678833008,137.0814666748047,403.3129577636719,56.73808670043945,199.0240936279297
2023-11-01,343.75,42.49547576904297,140.4949493408203,407.6141662597656,57.434566497802734,201.01638793945312
2023-11-02,349.0199890136719,43.24647521972656,144.1353302001953,415.42584228515625,58.523414611816406,205.01052856445312
2023-11-03,351.80999755859375,44.089054107666016,147.4994659423828,419.2159118652344,58.92560577392578,207.32037353515625
2023-11-06,346.6300048828125,44.49203109741211,147.9335479736328,420.1802978515625,59.20027542114258,207.40701293945312
2023-11-07,346.1700134277344,44.39127731323242,148.8609161376953,421.376220703125,59.47494125366211,208.02297973632812
2023-11-08,346.29998779296875,44.089054107666016,149.3936309814453,421.68475341796875,59.61227035522461,207.99411010742188
2023-11-09,348.17999267578125,43.676918029785156,149.1272735595703,418.3962097167969,59.09236526489258,206.22320556640625
2023-11-10,350.55999755859375,43.97915267944336,155.16497802734375,424.9252014160156,60.102745056152344,209.29339599609375
2023-11-13,350.010009765625,43.99746322631836,154.2178955078125,424.5201110839844,60.11255645751953,209.1682891845703
2023-11-14,354.25,45.13311767578125,158.92373657226562,432.7561340332031,61.05426788330078,213.8072509765625
2023-11-15,356.7900085449219,45.481143951416016,159.04212951660156,433.67236328125,61.073883056640625,214.33660888671875
2023-11-16,359.8599853515625,45.09648895263672,159.63406372070312,434.2027587890625,61.20140838623047,214.19227600097656
2023-11-17,358.92999267578125,45.178916931152344,160.3838348388672,434.7427673339844,61.20140838623047,214.73123168945312
2023-11-20,361.3299865722656,45.737586975097656,162.68251037597656,438.0892639160156,61.73112106323242,216.34812927246094
2023-11-21,361.0,45.462833404541016,160.28518676757812,437.13446044921875,61.68207550048828,215.76101684570312
2023-11-22,361.79998779296875,45.37124252319336,159.9398956298828,438.82220458984375,61.848838806152344,216.68499755859375
2023-11-24,362.67999267578125,45.40788269042969,159.584716796875,439.09222412109375,61.770362854003906,216.91598510742188
2023-11-27,361.3399963378906,45.279659271240234,159.486083984375,438.3014831542969,61.69188690185547,216.6368408203125
2023-11-28,360.04998779296875,45.6643180847168,158.56857299804688,438.73541259765625,61.71149826049805,216.7716064453125
2023-11-29,358.69000244140625,45.398719787597656,160.02870178222656,438.4267578125,61.5839729309082,216.86785888671875
2023-11-30,360.0,45.47198486328125,158.3219451904297,440.153076171875,61.69188690185547,217.76295471191406
2023-12-01,357.07000732421875,45.719261169433594,158.9632110595703,442.7569885253906,61.91749954223633,219.60121154785156
2023-12-04,356.6600036621094,45.215545654296875,156.64480590820312,440.4327392578125,61.47606658935547,218.81199645996094
2023-12-05,355.0299987792969,45.02322006225586,156.64480590820312,440.3459777832031,61.68207550048828,218.38853454589844
2023-12-06,352.3800048828125,44.9407958984375,155.38201904296875,438.57147216796875,61.32892608642578,217.46458435058594
2023-12-07,352.70001220703125,45.178916931152344,158.93360900878906,441.9179382324219,61.91749954223633,219.20657348632812
2023-12-08,353.0799865722656,45.014060974121094,160.2950439453125,443.8178405761719,62.1627311706543,220.25564575195312
2023-12-11,357.05999755859375,45.224708557128906,164.14260864257812,445.5440979003906,62.23139953613281,221.1603546142578
2023-12-12,360.0199890136719,45.2613410949707,165.87893676757812,447.5789489746094,62.55511474609375,221.99769592285156
2023-12-13,362.0299987792969,45.728424072265625,167.83230590820312,453.7512512207031,63.30064392089844,225.44326782226562
2023-12-14,358.1199951171875,46.342044830322266,170.9300994873047,455.20745849609375,63.26139831542969,226.78106689453125
2023-12-15,356.5,46.07645034790039,171.73907470703125,454.45794677734375,63.26139831542969,226.47308349609375
2023-12-18,359.6499938964844,46.01233673095703,172.03977966308594,457.0143127441406,63.787879943847656,227.4547576904297
2023-12-19,361.79998779296875,46.37867736816406,172.61544799804688,459.7933349609375,64.09294891357422,229.11976623535156
2023-12-20,355.3500061035156,45.52606201171875,167.81175231933594,453.4218444824219,63.266326904296875,225.7030792236328
2023-12-21,356.1400146484375,46.403892517089844,171.96038818359375,457.72113037109375,63.92565155029297,228.1988067626953
2023-12-22,356.4700012207031,46.217124938964844,171.98025512695312,458.6409912109375,63.96501159667969,228.72076416015625
2023-12-26,356.8299865722656,46.57198715209961,174.35231018066406,460.5776672363281,64.15198516845703,229.8516387939453
2023-12-27,356.95001220703125,46.88016891479492,174.54087829589844,461.4104309082031,64.26025390625,230.28662109375
2023-12-28,357.57000732421875,47.18833923339844,174.50119018554688,461.5847473144531,64.24055480957031,230.17062377929688
2023-12-29,356.6600036621094,47.235042572021484,173.55831909179688,460.24847412109375,64.02406311035156,229.291015625
2024-01-02,362.4599914550781,46.64670181274414,167.70257568359375,457.6727294921875,63.0006103515625,227.75421142578125
2024-01-03,366.75,46.42257308959961,164.72508239746094,453.93505859375,62.46921920776367,225.56968688964844
2024-01-04,363.67999267578125,46.291831970214844,163.75242614746094,452.4728088378906,62.11494827270508,224.98977661132812
2024-01-05,365.5899963378906,46.39455795288086,164.83425903320312,453.09259033203125,62.17399978637695,225.32806396484375
2024-01-08,368.17999267578125,46.525299072265625,170.67015075683594,459.5609130859375,63.472984313964844,228.54673767089844
2024-01-09,366.8999938964844,45.88093185424805,171.12669372558594,458.8637390136719,63.650115966796875,228.12144470214844
2024-01-10,367.9200134277344,45.778202056884766,171.28549194335938,461.4588623046875,64.27008056640625,229.3007049560547
2024-01-11,363.3399963378906,46.0023307800293,172.25814819335938,461.2555236816406,64.4668960571289,229.1460418701172
2024-01-12,363.6199951171875,46.179771423339844,171.6527099609375,461.57501220703125,64.54562377929688,229.1846923828125
2024-01-16,361.1000061035156,45.06846237182617,174.38209533691406,459.88043212890625,64.49640655517578,228.12144470214844
2024-01-17,359.2900085449219,44.452110290527344,173.3300323486328,457.32415771484375,64.18150329589844,226.74896240234375
2024-01-18,362.3800048828125,44.741607666015625,178.95751953125,461.39105224609375,65.0967025756836,228.749755859375
2024-01-19,366.989990234375,45.1992073059082,185.77597045898438,467.14276123046875,66.12016296386719,231.53346252441406
2024-01-22,368.05999755859375,44.844337463378906,186.6394500732422,468.1304931640625,66.26776123046875,232.53871154785156
2024-01-23,372.1400146484375,45.1805305480957,187.59225463867188,469.4958190917969,66.48424530029297,232.96401977539062
2024-01-24,376.5899963378906,45.628787994384766,190.9270477294922,470.0090026855469,66.8680419921875,232.9253387451172
2024-01-25,380.8500061035156,45.66614532470703,190.9270477294922,472.56536865234375,67.03533172607422,234.22056579589844
2024-01-26,385.3999938964844,45.73151397705078,186.85781860351562,471.96502685546875,66.8680419921875,234.02723693847656
2024-01-29,383.17999267578125,45.778202056884766,189.0512237548828,475.7026672363281,67.57659149169922,236.15371704101562
2024-01-30,387.1499938964844,45.45134735107422,187.17539978027344,475.334716796875,67.27152252197266,235.82505798339844
2024-01-31,383.739990234375,45.24589920043945,184.47579956054688,467.57855224609375,65.86428833007812,231.85244750976562
2024-02-01,386.44000244140625,45.67547607421875,186.16305541992188,473.6983337402344,66.8975601196289,234.97450256347656
2024-02-02,390.75,45.5167236328125,189.7856903076172,478.6850891113281,68.27527618408203,236.9849395751953
2024-02-05,390.760009765625,45.5914306640625,193.48770141601562,476.94207763671875,68.36383056640625,235.86375427246094
2024-02-06,393.739990234375,46.59066390991211,191.29428100585938,478.32684326171875,68.28510284423828,236.66600036621094
2024-02-07,397.6600036621094,46.63736343383789,195.1551055908203,482.3162536621094,69.2003173828125,238.53147888183594
2024-02-08,397.489990234375,46.34786605834961,197.93408203125,482.5292663574219,69.28886413574219,239.12107849121094
2024-02-09,398.3599853515625,46.54397201538086,202.32093811035156,485.31805419921875,70.04660034179688,240.5806121826172
2024-02-12,397.7099914550781,46.86149215698242,201.536865234375,485.10504150390625,69.61360931396484,240.8125762939453
2024-02-13,394.79998779296875,45.97431182861328,197.80506896972656,478.4236145019531,68.64922332763672,236.9559783935547
2024-02-14,398.67999267578125,46.66537857055664,201.7750701904297,482.77142333984375,69.46600341796875,239.57542419433594
2024-02-15,403.45001220703125,46.90818405151367,201.10015869140625,486.10235595703125,69.56441497802734,241.4215545654297
2024-02-16,405.989990234375,47.10429382324219,200.23667907714844,483.681640625,69.10189056396484,240.1553497314453
2024-02-20,407.1499938964844,47.18833923339844,196.2964630126953,481.01873779296875,68.40320587158203,238.64747619628906
2024-02-21,409.25,47.25371551513672,195.03599548339844,481.4544677734375,68.27527618408203,238.69580078125
2024-02-22,415.1600036621094,47.701969146728516,208.35533142089844,491.4183654785156,70.49929809570312,243.41268920898438
2024-02-23,417.2200012207031,47.673954010009766,207.05516052246094,491.7572937011719,70.35167694091797,243.57701110839844
2024-02-26,409.1400146484375,47.48717498779297,208.77218627929688,489.95623779296875,70.18437194824219,242.84242248535156
2024-02-27,408.9100036621094,47.571231842041016,208.16676330566406,490.8664245605469,70.29264068603516,243.51901245117188
2024-02-28,412.1400146484375,46.95487594604492,205.854248046875,490.2176513671875,70.06629180908203,243.11306762695312
2024-02-29,409.3999938964844,47.01091003417969,210.3601837158203,491.9800109863281,70.59769439697266,244.1376190185547
2024-03-01,407.1099853515625,47.5992431640625,218.8857421875,496.598876953125,71.48336029052734,246.38006591796875
2024-03-04,403.3900146484375,47.440486907958984,222.40911865234375,496.0662841796875,71.18814849853516,246.13845825195312
2024-03-05,400.739990234375,47.07627487182617,219.00485229492188,491.1085510253906,70.03677368164062,243.5286865234375
2024-03-06,403.9599914550781,47.73932647705078,224.6521759033203,493.59710693359375,70.36152648925781,244.96888732910156
2024-03-07,402.3900146484375,48.02882766723633,232.41351318359375,498.4967041015625,71.41448211669922,247.3563232421875
2024-03-08,403.1499938964844,47.94477462768555,223.30238342285156,495.5046691894531,70.63706970214844,245.92576599121094
2024-03-11,404.760009765625,48.04750442504883,219.3224334716797,495.07861328125,70.23358917236328,245.5294952392578
2024-03-12,404.9800109863281,48.523773193359375,226.26002502441406,500.40435791015625,71.58177947998047,247.95559692382812
2024-03-13,408.1300048828125,48.29964828491211,221.78384399414062,499.6200256347656,71.27670288085938,247.6462860107422
2024-03-14,406.7300109863281,48.03816604614258,217.81385803222656,498.6323547363281,71.37511444091797,246.6893768310547
2024-03-15,408.1300048828125,47.7673454284668,216.20599365234375,495.20843505859375,70.52881622314453,245.22987365722656
2024-03-18,408.4100036621094,47.8607292175293,216.6427001953125,498.15155029296875,71.19503784179688,246.47671508789062
2024-03-19,411.760009765625,47.66461944580078,216.1663055419922,500.9197998046875,71.60894775390625,247.89759826660156
2024-03-20,416.1099853515625,48.18758010864258,219.630126953125,505.5529479980469,72.43681335449219,250.41075134277344
2024-03-21,413.7799987792969,48.234275817871094,224.6124725341797,507.2236328125,72.50579833984375,251.44493103027344
2024-03-22,411.6000061035156,47.93544006347656,225.93247985839844,506.2620849609375,72.6634750366211,250.73785400390625
2024-03-25,409.9200134277344,47.99147415161133,225.37669372558594,504.8633728027344,72.37767791748047,250.1752471923828
2024-03-26,411.57000732421875,47.87940979003906,223.2825164794922,503.9308776855469,72.07215881347656,249.72906494140625
2024-03-27,416.92999267578125,48.00080871582031,223.203125,508.16583251953125,72.29883575439453,251.930908203125
2024-03-28,420.5199890136719,48.18758010864258,223.30238342285156,508.06866455078125,72.09187316894531,252.0957489013672
2024-04-01,420.20001220703125,48.271629333496094,226.23025512695312,507.184814453125,72.21012878417969,251.9018096923828
2024-04-02,418.9200134277344,48.41170883178711,223.3222198486328,503.9600830078125,71.70751190185547,249.57383728027344
2024-04-03,420.239990234375,48.49576187133789,224.21548461914062,504.5136413574219,71.97360229492188,249.96188354492188
2024-04-04,415.32000732421875,48.308982849121094,218.24063110351562,498.3555603027344,70.8796615600586,246.9646453857422
2024-04-05,418.6199951171875,48.43038558959961,220.96998596191406,503.56170654296875,71.97360229492188,249.4574737548828
2024-04-08,415.9700012207031,48.74790573120117,221.3868408203125,503.84344482421875,71.94403839111328,249.74847412109375
2024-04-09,414.69000244140625,49.07475662231445,222.41905212402344,504.42626953125,71.94403839111328,250.1073455810547
2024-04-10,409.1099853515625,48.402374267578125,220.48367309570312,499.3753967285156,71.47098541259766,247.31381225585938
2024-04-11,407.6099853515625,48.710548400878906,225.60496520996094,503.1441345214844,72.59449005126953,248.9918975830078
2024-04-12,403.260009765625,47.636600494384766,219.02468872070312,496.19915771484375,71.57938385009766,245.40298461914062
2024-04-15,400.260009765625,47.32842254638672,215.72959899902344,489.9826965332031,70.29820251464844,242.38636779785156
2024-04-16,396.9200134277344,46.73074722290039,217.51611328125,489.089111328125,70.31790924072266,241.6588897705078
2024-04-17,397.739990234375,46.712074279785156,210.8068084716797,486.1945495605469,69.63789367675781,240.2427520751953
2024-04-18,399.8900146484375,46.94553756713867,207.06509399414062,485.19415283203125,69.28309631347656,239.74806213378906
2024-04-19,405.0799865722656,46.72140884399414,197.7157440185547,480.95916748046875,67.71609497070312,237.8662872314453
2024-04-22,408.7799987792969,47.18833923339844,201.49716186523438,485.3883972167969,68.3862533569336,240.20391845703125
2024-04-23,408.739990234375,47.5992431640625,206.24131774902344,491.1482849121094,69.4802017211914,243.06533813476562
2024-04-24,405.95001220703125,47.7486686706543,206.4794921875,490.9151611328125,69.46049499511719,243.12353515625
2024-04-25,404.9100036621094,47.85139465332031,210.60829162597656,489.05029296875,69.15498352050781,241.96929931640625
2024-04-26,402.1000061035156,48.37435531616211,216.0074920654297,493.6835021972656,70.4854507446289,244.21958923339844
2024-04-29,400.9599914550781,48.86930847167969,216.74195861816406,495.43182373046875,70.63326263427734,245.1798858642578
2024-04-30,396.7300109863281,48.234275817871094,212.484130859375,487.5835876464844,69.30280303955078,241.14479064941406
2024-05-01,398.5799865722656,48.271629333496094,206.2909393310547,486.0002746582031,69.02685546875,240.54342651367188
2024-05-02,400.6000061035156,49.466983795166016,210.43959045410156,490.5460510253906,69.86456298828125,243.03623962402344
2024-05-03,400.8699951171875,49.90590286254883,216.09681701660156,496.6266174316406,71.20488739013672,245.9170379638672
2024-05-06,404.9200134277344,49.91523742675781,220.99977111816406,501.755126953125,72.17071533203125,248.55540466308594
2024-05-07,406.1400146484375,49.6070671081543,219.07432556152344,502.30877685546875,72.14115142822266,248.7784881591797
2024-05-08,406.3699951171875,49.588382720947266,219.73928833007812,502.3572692871094,72.09187316894531,248.6038818359375
2024-05-09,408.82000732421875,49.72846603393555,218.3299560546875,505.2518310546875,72.28897094726562,250.0685577392578
2024-05-10,412.04998779296875,49.78449630737305,221.6250457763672,505.9027099609375,72.34811401367188,250.30133056640625
2024-05-13,411.2200012207031,50.13003158569336,221.58534240722656,505.97064208984375,72.34811401367188,250.43711853027344
2024-05-14,410.239990234375,50.40085220336914,225.37669372558594,508.2921142578125,72.8211669921875,251.65931701660156
2024-05-15,412.760009765625,50.9424934387207,232.14553833007812,514.5863037109375,74.01365661621094,254.75350952148438
2024-05-16,413.1199951171875,51.06389617919922,230.4582977294922,513.5275268554688,73.65886688232422,254.0648651123047
2024-05-17,416.94000244140625,51.316036224365234,228.52291870117188,514.2657470703125,73.6687240600586,254.42373657226562
2024-05-20,413.0,51.14794921875,233.23728942871094,514.8582153320312,74.1319351196289,254.68565368652344
2024-05-21,414.3699951171875,50.83042907714844,232.90975952148438,516.1209716796875,74.39802551269531,255.2093963623047
2024-05-22,413.989990234375,50.662330627441406,234.8153533935547,514.6348876953125,74.19105529785156,254.3461456298828
2024-05-23,405.8800048828125,50.279449462890625,238.02113342285156,510.8758850097656,74.04322052001953,252.18309020996094
2024-05-24,407.4100036621094,50.44754409790039,242.42782592773438,514.2560424804688,74.77252960205078,254.00662231445312
2024-05-28,403.8999938964844,50.39151382446289,247.95603942871094,514.6154174804688,75.24557495117188,254.00662231445312
2024-05-29,404.0899963378906,49.69110870361328,243.80738830566406,511.0118408203125,74.9400634765625,251.92117309570312
2024-05-30,408.6099853515625,49.532352447509766,240.4527587890625,507.62188720703125,73.77714538574219,250.68934631347656
2024-05-31,414.3999938964844,49.11211395263672,238.67617797851562,512.245361328125,73.92497253417969,252.6195831298828
2024-06-03,414.7900085449219,49.62574005126953,241.6536865234375,512.6630859375,74.3388900756836,252.69720458984375
2024-06-04,409.5299987792969,48.91599655151367,240.78028869628906,513.2362060546875,74.55570983886719,252.66807556152344
2024-06-05,409.8500061035156,49.672428131103516,252.50169372558594,519.3359985351562,76.00445556640625,255.76229858398438
2024-06-06,411.0799865722656,49.94325256347656,250.51669311523438,519.3262329101562,75.98473358154297,255.53919982910156
2024-06-07,413.7200012207031,49.44830322265625,250.31820678710938,518.6949462890625,75.96502685546875,255.05418395996094
2024-06-10,410.80999755859375,49.70044708251953,253.94081115722656,520.297607421875,76.26069641113281,255.90774536132812
2024-06-11,408.5,49.576934814453125,253.56365966796875,521.5507202148438,76.98011779785156,256.34429931640625
2024-06-12,408.7699890136719,50.04837417602539,261.1165771484375,525.8341674804688,78.10363006591797,258.759521484375
2024-06-13,405.9200134277344,49.96351623535156,265.2056579589844,526.8928833007812,78.51756286621094,258.8758850097656
2024-06-14,405.5400085449219,50.057804107666016,265.880615234375,527.2134399414062,78.78365325927734,258.681884765625
2024-06-17,407.32000732421875,50.3878173828125,270.4361572265625,531.4095458984375,79.57207489013672,260.65093994140625
2024-06-18,407.95001220703125,50.812110900878906,274.6840515136719,532.7597045898438,79.77903747558594,261.310546875
2024-06-20,409.1499938964844,50.689537048339844,266.9028625488281,531.3124389648438,79.1877212524414,260.65093994140625
2024-06-21,409.6199951171875,50.538673400878906,262.9031066894531,530.60009765625,78.92162322998047,260.25323486328125
2024-06-24,413.9800109863281,50.52924728393555,253.86141967773438,528.8753051757812,78.08657836914062,259.8167419433594
2024-06-25,410.9700012207031,50.416099548339844,259.8064880371094,530.911865234375,79.04402160644531,260.67034912109375
2024-06-26,410.260009765625,50.29352569580078,258.95294189453125,531.5745849609375,79.47832489013672,260.6606140136719
2024-06-27,407.95001220703125,50.350101470947266,256.91827392578125,532.41259765625,79.67574310302734,261.29107666015625
2024-06-28,406.79998779296875,50.47267150878906,258.7445068359375,530.3175048828125,79.09336853027344,260.3975524902344
2024-07-01,405.19000244140625,50.57638931274414,259.0522155761719,531.408935546875,79.66587829589844,260.92315673828125
2024-07-02,407.1000061035156,50.71782302856445,261.6525573730469,534.9851684570312,80.35681915283203,262.4319763183594
2024-07-03,405.7699890136719,51.415557861328125,267.5976257324219,537.37255859375,81.04776000976562,263.5124206542969
2024-07-05,411.1700134277344,51.660709381103516,267.69683837890625,540.4713745117188,81.87689208984375,264.8849182128906
2024-07-08,409.0799865722656,51.670135498046875,272.1531677246094,541.0950317382812,82.0447006225586,265.2451477050781
2024-07-09,410.5199890136719,51.84928894042969,272.7486572265625,541.6212158203125,82.13353729248047,265.1769714355469
2024-07-10,413.7900085449219,52.09443664550781,279.16021728515625,546.9806518554688,83.01201629638672,267.74676513671875
2024-07-11,418.7799987792969,52.40559005737305,268.9870910644531,542.2643432617188,81.2747802734375,266.5494689941406
2024-07-12,424.44000244140625,52.60359573364258,272.3913879394531,545.6846923828125,81.79792785644531,268.3114013671875
2024-07-15,434.4200134277344,52.10386276245117,271.7760009765625,547.1852416992188,82.06443786621094,269.46002197265625
2024-07-16,438.8999938964844,52.40559005737305,271.65692138671875,550.43017578125,82.07430267333984,271.6794128417969
2024-07-17,445.6099853515625,51.57585144042969,252.31312561035156,542.712646484375,79.73497009277344,267.8441467285156
2024-07-18,441.82000732421875,51.094974517822266,253.6232147216797,538.5418090820312,79.23155975341797,265.5079650878906
2024-07-19,434.4700012207031,50.58582305908203,246.27871704101562,534.9656982421875,78.69856262207031,263.8531494140625
2024-07-22,435.9800109863281,50.98183059692383,255.786865234375,540.4810791015625,79.91264343261719,266.6078796386719
2024-07-23,434.010009765625,50.45381164550781,252.9483184814453,539.6332397460938,79.90275573730469,266.4132385253906
2024-07-24,432.79998779296875,49.88808059692383,239.1724395751953,527.4038696289062,76.91197204589844,260.4169616699219
2024-07-25,433.2900085449219,49.68064880371094,234.78558349609375,524.6558837890625,76.10257720947266,259.41436767578125
2024-07-26,437.6600036621094,50.1898078918457,238.5074462890625,530.5319213867188,76.82313537597656,262.51959228515625
2024-07-29,438.30999755859375,50.00122833251953,236.81028747558594,530.84375,76.95144653320312,262.5390319824219
2024-07-30,441.260009765625,49.83150863647461,227.74876403808594,528.1541748046875,75.96439361572266,261.44879150390625
2024-07-31,438.5,50.8592529296875,245.13735961914062,536.7390747070312,78.0174789428711,265.3229675292969
2024-08-01,431.80999755859375,50.04837417602539,229.27720642089844,529.1383666992188,76.50727844238281,261.1664733886719
2024-08-02,428.3599853515625,49.322357177734375,216.7915802001953,519.28662109375,74.92797088623047,255.91012573242188
2024-08-05,413.7200012207031,47.82316589355469,211.70997619628906,504.1631774902344,72.43069458007812,248.3953399658203
2024-08-06,422.1400146484375,48.02117156982422,215.828857421875,508.81134033203125,73.26970672607422,250.91647338867188
2024-08-07,427.0199890136719,48.407752990722656,209.8837890625,505.4104309082031,72.51953887939453,248.99887084960938
2024-08-08,431.5400085449219,49.47321701049805,223.2229766845703,517.0941772460938,74.7009506225586,254.82960510253906
2024-08-09,431.6700134277344,49.73722839355469,223.16342163085938,519.3743286132812,75.25370025634766,255.92959594726562
2024-08-12,430.3900146484375,49.88808059692383,225.25759887695312,519.647216796875,75.5596923828125,255.76409912109375
2024-08-13,432.4100036621094,50.40666961669922,234.41836547851562,528.193115234375,77.29691314697266,260.0179138183594
2024-08-14,438.4700012207031,50.161521911621094,234.6168670654297,529.8594970703125,77.44498443603516,260.7576904296875
2024-08-15,440.8399963378906,50.69896697998047,244.52200317382812,538.94140625,79.11312103271484,265.2743225097656
2024-08-16,444.510009765625,51.28355407714844,244.85946655273438,540.1497802734375,79.18222045898438,265.90704345703125
2024-08-19,448.7699890136719,51.83042907714844,249.45472717285156,545.3143920898438,80.19888305664062,268.41845703125
2024-08-20,448.3599853515625,51.424991607666016,246.19932556152344,544.4276123046875,80.11992645263672,267.7662048339844
2024-08-21,446.6000061035156,51.670135498046875,248.7500457763672,546.2986450195312,80.41604614257812,269.1095275878906
2024-08-22,449.0299987792969,51.0572624206543,240.60162353515625,542.0108642578125,79.30065155029297,266.83172607421875
2024-08-23,453.3800048828125,51.887001037597656,246.52685546875,547.77001953125,80.2087631225586,270.20953369140625
2024-08-26,454.489990234375,51.424991607666016,240.75051879882812,546.4641723632812,79.67574310302734,269.52813720703125
2024-08-27,460.6300048828125,51.5569953918457,243.1721954345703,547.2146606445312,79.8830337524414,269.771484375
2024-08-28,464.5899963378906,51.179840087890625,239.08311462402344,544.037841796875,79.09336853027344,268.12640380859375
2024-08-29,468.3699951171875,51.217552185058594,236.12545776367188,544.0865478515625,78.87621307373047,268.3891906738281
2024-08-30,475.9200134277344,51.34955596923828,241.6338348388672,549.2803955078125,79.70536804199219,270.9785461425781
2024-09-03,476.8299865722656,50.40666961669922,223.50086975097656,537.9767456054688,77.23770141601562,265.1477966308594
2024-09-04,478.57000732421875,50.39724349975586,222.9649200439453,536.8756103515625,77.04029846191406,264.5539855957031
2024-09-05,464.9200134277344,50.43496322631836,222.57785034179688,535.56982421875,77.10939025878906,263.7363586425781
2024-09-06,459.4200134277344,49.52978515625,213.38731384277344,526.5560913085938,75.42149353027344,259.3559875488281
2024-09-09,459.6099853515625,49.96351623535156,218.21084594726562,532.4515380859375,76.27037048339844,262.13018798828125
2024-09-10,458.9200134277344,49.82208251953125,220.27525329589844,534.770751953125,76.96131134033203,263.1522521972656
2024-09-11,453.1000061035156,50.142662048339844,231.6492919921875,540.2568969726562,78.5110092163086,265.7707824707031
2024-09-12,450.8699951171875,50.5481071472168,232.14553833007812,544.8076171875,79.41911315917969,267.98040771484375
2024-09-13,447.6099853515625,50.78382873535156,235.13296508789062,547.653076171875,79.81393432617188,269.849365234375
2024-09-16,451.7799987792969,51.01954650878906,232.04629516601562,548.4618530273438,79.56716918945312,270.3847351074219
2024-09-17,456.67999267578125,51.03840255737305,231.96688842773438,548.6859741210938,79.60665130615234,270.65728759765625
2024-09-18,456.6000061035156,50.8592529296875,229.3268280029297,547.0586547851562,79.32040405273438,269.97589111328125
2024-09-19,459.7099914550781,51.89643096923828,239.28160095214844,556.3939208984375,81.28465270996094,274.55096435546875
2024-09-20,455.30999755859375,51.764427185058594,236.1155242919922,555.4320678710938,81.1267318725586,273.97662353515625
2024-09-23,454.9800109863281,52.16043472290039,237.15765380859375,556.8200073242188,81.26513671875,274.65802001953125
2024-09-24,454.55999755859375,53.829345703125,241.57427978515625,558.4132690429688,81.66058349609375,275.34912109375
2024-09-25,452.3599853515625,53.2070426940918,243.69822692871094,557.181640625,81.77922821044922,274.44384765625
2024-09-26,454.17999267578125,55.03623580932617,250.72511291503906,559.3907470703125,81.98682403564453,275.67034912109375
2024-09-27,457.4700012207031,54.89480972290039,245.88172912597656,558.5795288085938,81.55183410644531,275.39794921875
2024-09-30,460.260009765625,54.131072998046875,243.60890197753906,560.8177490234375,81.9967269897461,276.48175048828125
2024-10-01,457.4100036621094,54.46107864379883,237.08819580078125,555.7938232421875,80.81036376953125,273.96258544921875
2024-10-02,456.6700134277344,55.40396499633789,240.50238037109375,556.0283203125,80.92899322509766,274.02117919921875
2024-10-03,452.9599914550781,54.696800231933594,242.7156524658203,555.0117797851562,80.98831176757812,273.4353332519531
2024-10-04,461.9700012207031,55.187103271484375,245.9611358642578,560.055419921875,81.89785766601562,276.0814208984375
2024-10-07,453.5,55.54540252685547,246.35812377929688,554.9922485351562,81.0377426147461,273.5623474121094
2024-10-08,453.79998779296875,54.310218811035156,250.62586975097656,560.2412109375,82.26365661621094,275.8666687011719
2024-10-09,455.8999938964844,54.01792526245117,253.23614501953125,564.12158203125,82.83705139160156,277.7901916503906
2024-10-10,454.92999267578125,54.14049530029297,252.73988342285156,563.1343383789062,82.76785278320312,277.2140808105469
2024-10-11,460.2099914550781,54.51765060424805,254.76458740234375,566.5064697265625,82.94580078125,279.3621520996094
2024-10-14,459.9800109863281,54.338504791259766,259.3201904296875,571.1397094726562,83.74659729003906,281.5395812988281
2024-10-15,462.67999267578125,53.235328674316406,245.3060760498047,566.7020263671875,82.77774047851562,279.6062927246094
2024-10-16,465.69000244140625,53.73506164550781,245.46487426757812,569.1651611328125,82.9359130859375,281.0318603515625
2024-10-17,465.8500061035156,53.593624114990234,249.6929168701172,569.2140502929688,83.06443786621094,280.9732971191406
2024-10-18,464.79998779296875,54.046207427978516,249.62342834472656,571.403564453125,83.51921844482422,282.0766296386719
2024-10-21,464.1600036621094,53.744483947753906,250.94346618652344,570.4652709960938,83.8553466796875,281.1880798339844
2024-10-22,461.45001220703125,53.584197998046875,249.80209350585938,570.1621704101562,83.87510681152344,280.8658752441406
2024-10-23,460.6099853515625,53.282470703125,247.14218139648438,564.9523315429688,82.60967254638672,278.3271179199219
2024-10-24,457.7699890136719,53.16932678222656,248.184326171875,566.1741943359375,83.09410095214844,279.06927490234375
2024-10-25,454.010009765625,53.112754821777344,251.0625762939453,565.978759765625,83.51921844482422,278.8056335449219
2024-10-28,458.489990234375,53.30133056640625,249.32569885253906,567.7283935546875,83.63782501220703,279.9383239746094
2024-10-29,454.6199951171875,53.14104461669922,254.9928741455078,568.6470947265625,84.26068115234375,280.3092956542969
2024-10-30,454.9599914550781,52.67902374267578,248.79965209960938,566.9268798828125,83.89488220214844,279.6160583496094
2024-10-31,450.9200134277344,52.443302154541016,239.86717224121094,555.8133544921875,81.4332046508789,274.4020080566406
2024-11-01,452.1400146484375,52.5753059387207,242.91415405273438,558.1591186523438,82.01649475097656,275.57366943359375
2024-11-04,442.2900085449219,52.74502944946289,242.43775939941406,556.95703125,81.75944519042969,275.07568359375
2024-11-05,445.05999755859375,53.43333435058594,246.44744873046875,563.6915893554688,82.88646697998047,278.5712585449219
2024-11-06,468.8999938964844,52.792171478271484,252.898681640625,577.7080688476562,85.04167938232422,286.3630676269531
2024-11-07,460.1300048828125,53.951927185058594,259.0621032714844,582.1749877929688,86.3565673828125,288.3647155761719
2024-11-08,463.4100036621094,52.64131164550781,257.39471435546875,584.6967163085938,86.59383392333984,289.7121887207031
2024-11-11,467.3599853515625,52.235870361328125,251.6282958984375,585.2538452148438,86.48509216308594,290.5225830078125
2024-11-12,466.2900085449219,51.330692291259766,249.9708251953125,583.4358520507812,86.5048599243164,289.3802185058594
2024-11-13,468.1000061035156,50.944114685058594,245.77255249023438,583.7192993164062,86.48509216308594,289.2434997558594
2024-11-14,467.70001220703125,50.689537048339844,246.3184051513672,579.9660034179688,85.92158508300781,287.10516357421875
2024-11-15,470.2799987792969,50.67068099975586,238.150146484375,572.537353515625,84.19148254394531,283.463134765625
2024-11-18,472.20001220703125,51.208126068115234,239.7282257080078,574.8832397460938,84.48805236816406,284.6152648925781
2024-11-19,468.8599853515625,51.23640823364258,242.34841918945312,576.9847412109375,85.3283920288086,285.9236755371094
2024-11-20,468.8299865722656,51.179840087890625,240.72071838378906,577.1802978515625,85.25919342041016,286.08966064453125
2024-11-21,472.05999755859375,51.0572624206543,244.2540283203125,580.2786865234375,85.3185043334961,288.0913391113281
2024-11-22,476.57000732421875,51.113834381103516,242.78512573242188,582.0771484375,85.3185043334961,289.5168762207031
2024-11-25,477.42999267578125,51.170406341552734,241.83233642578125,584.0516967773438,85.3877182006836,290.9327087402344
2024-11-26,478.55999755859375,51.00069046020508,239.609130859375,587.1012573242188,86.15882873535156,291.99700927734375
2024-11-27,483.0799865722656,51.01954650878906,236.46290588378906,585.3223266601562,85.59532928466797,291.16705322265625
2024-11-29,483.0199890136719,51.208126068115234,240.31381225585938,588.9583740234375,86.36643981933594,292.7878723144531
2024-12-02,477.3299865722656,51.330692291259766,246.0107421875,590.0140380859375,87.0387191772461,293.34442138671875
2024-12-03,470.19000244140625,51.45327377319336,246.55662536621094,590.2877197265625,87.45394134521484,293.34442138671875
2024-12-04,468.32000732421875,51.57585144042969,250.7350616455078,593.953125,88.59087371826172,295.3168029785156
2024-12-05,470.57000732421875,51.905860900878906,246.43753051757812,592.9756469726562,88.53154754638672,294.49664306640625
2024-12-06,470.5,51.80213928222656,246.7451934814453,594.0997314453125,89.06539154052734,295.3168029785156
2024-12-09,463.8699951171875,52.763885498046875,244.22425842285156,591.0403442382812,88.55131530761719,293.4323425292969
2024-12-10,462.489990234375,51.962432861328125,238.0806884765625,589.2027587890625,88.33381652832031,292.3289794921875
2024-12-11,461.3900146484375,52.226436614990234,243.90664672851562,593.7576293945312,89.78709411621094,294.68212890625
2024-12-12,458.6300048828125,51.924713134765625,241.54449462890625,590.6983032226562,89.19392395019531,293.0027160644531
2024-12-13,457.8999938964844,51.953006744384766,247.6186065673828,590.5809936523438,89.37187194824219,292.856201171875
2024-12-16,455.20001220703125,51.736141204833984,251.3503875732422,593.1027221679688,90.34072875976562,294.0474853515625
2024-12-17,455.6600036621094,51.546363830566406,248.0850830078125,590.6590576171875,90.0145034790039,292.5926208496094
2024-12-18,446.5899963378906,50.351871490478516,240.17486572265625,573.055419921875,87.01893615722656,283.541259765625
2024-12-19,449.3399963378906,50.583065032958984,237.07826232910156,572.8795166015625,87.167236328125,283.14093017578125
2024-12-20,453.20001220703125,50.746829986572266,240.8894500732422,579.7603149414062,88.12621307373047,286.3630676269531
2024-12-23,454.3500061035156,51.03581619262695,248.44692993164062,583.2320556640625,89.07810974121094,287.9900817871094
2024-12-24,458.6600036621094,51.18031311035156,250.5902557373047,589.7147216796875,90.2568359375,291.0463562011719
2024-12-26,459.0799865722656,51.00691604614258,250.15162658691406,589.7540283203125,90.1379623413086,291.212890625
2024-12-27,456.510009765625,50.80462646484375,247.6294708251953,583.5458374023438,88.80075073242188,288.0587463378906
2024-12-30,452.1600036621094,50.39040756225586,243.9010772705078,576.88671875,87.83003997802734,284.8751220703125
2024-12-31,453.2799987792969,50.303707122802734,241.41879272460938,574.7880249023438,87.06732940673828,283.8857727050781
2025-01-02,451.1000061035156,50.217010498046875,244.03067016601562,573.375732421875,87.02771759033203,283.3470153808594
2025-01-03,453.55999755859375,50.669761657714844,251.09869384765625,580.5448608398438,88.52340698242188,287.0693359375
2025-01-06,451.4100036621094,50.81426239013672,259.42279052734375,583.8890991210938,89.5040283203125,288.67584228515625
2025-01-07,452.9200134277344,50.46746826171875,253.25196838378906,577.2887573242188,87.81024169921875,285.4530029296875
2025-01-08,451.8399963378906,50.20737838745117,251.4475860595703,578.1322021484375,87.91919708251953,285.717529296875
2025-01-10,442.6600036621094,49.31150436401367,246.4132537841797,569.3056640625,86.70084381103516,281.4270935058594
2025-01-13,443.9100036621094,48.96471405029297,243.88113403320312,570.188232421875,86.41358184814453,281.887451171875
2025-01-14,450.0299987792969,49.49453353881836,244.6786651611328,570.9729614257812,86.20557403564453,282.5242004394531
2025-01-15,458.510009765625,50.10141372680664,250.43077087402344,581.35888671875,88.26587677001953,287.7060241699219
2025-01-16,462.80999755859375,50.072513580322266,251.5074005126953,580.2407836914062,87.88947296142578,287.4905700683594
2025-01-17,467.95001220703125,50.45783615112305,257.44891357421875,586.0664672851562,89.03849792480469,290.1451721191406
2025-01-21,468.57000732421875,50.97801971435547,261.5760803222656,591.430908203125,89.94976043701172,293.0250244140625
2025-01-22,460.510009765625,50.98765563964844,266.3412780761719,594.7556762695312,91.04924011230469,294.4552001953125
2025-01-23,459.8299865722656,51.18031311035156,266.0222473144531,598.001953125,91.49498748779297,296.0029296875
2025-01-24,463.19000244140625,51.39223861694336,260.71875,596.2561645507812,91.14830780029297,295.1408996582031
2025-01-27,474.70001220703125,50.46746826171875,235.07852172851562,587.8218383789062,87.83995056152344,291.0267639160156
2025-01-28,469.9700012207031,50.84315490722656,239.70413208007812,592.8726806640625,89.60308837890625,293.5246276855469
2025-01-29,469.260009765625,50.862422943115234,238.7869873046875,590.2149047851562,88.98895263671875,292.27081298828125
2025-01-30,472.3500061035156,51.661964416503906,244.4095001220703,593.3826293945312,89.7912826538086,294.10260009765625
2025-01-31,468.6700134277344,51.04545211791992,242.8643035888672,590.2247314453125,89.34553527832031,292.49609375
2025-02-03,464.6099853515625,50.7371940612793,238.03932189941406,586.2527465820312,88.60265350341797,290.3606872558594
2025-02-04,467.489990234375,51.594539642333984,240.72097778320312,590.185546875,89.57337188720703,292.4667053222656
2025-02-05,473.7300109863281,51.48857116699219,246.37338256835938,592.5784912109375,89.94976043701172,293.8185119628906
2025-02-06,477.2200012207031,51.71976089477539,247.5796356201172,594.637939453125,90.67285919189453,294.54339599609375
2025-02-07,472.739990234375,51.67159652709961,244.24002075195312,589.1949462890625,89.8309097290039,291.9083557128906
2025-02-10,470.1700134277344,52.230316162109375,248.84568786621094,593.1962280273438,90.58370208740234,293.77935791015625
2025-02-11,472.6099853515625,51.9894905090332,249.09490966796875,593.6473999023438,90.30635833740234,293.62255859375
2025-02-12,471.7300109863281,52.26884460449219,247.7391357421875,591.7349853515625,90.09834289550781,292.65283203125
2025-02-13,480.489990234375,52.56747055053711,251.1385498046875,597.9822998046875,91.24736022949219,295.70904541015625
2025-02-14,479.5899963378906,52.92388916015625,251.7965087890625,597.9529418945312,91.45537567138672,295.66986083984375
2025-02-18,482.82000732421875,53.27068328857422,255.4252166748047,599.7083740234375,91.48509216308594,296.50250244140625
2025-02-19,483.7699890136719,53.16471481323242,256.541748046875,601.1206665039062,91.51480102539062,296.9237060546875
2025-02-20,481.79998779296875,53.675270080566406,257.00030517578125,598.6197509765625,90.84123992919922,295.3270568847656
2025-02-21,478.739990234375,53.482608795166016,249.2145538330078,588.3809204101562,88.7413330078125,289.87091064453125
2025-02-24,498.4200134277344,52.72159957885742,242.6649169921875,585.7035522460938,87.80033111572266,288.39178466796875
2025-02-25,499.82000732421875,52.750492095947266,237.51095581054688,582.790771484375,86.85932159423828,286.96160888671875
2025-02-26,494.1000061035156,53.212886810302734,243.06369018554688,583.0849609375,87.47344970703125,287.05950927734375
2025-02-27,502.4100036621094,52.16288375854492,228.08029174804688,573.7777709960938,85.21504974365234,282.61236572265625
2025-02-28,513.8300170898438,51.478939056396484,232.04795837402344,582.7318115234375,86.76026916503906,286.97137451171875
2025-03-03,510.0799865722656,51.06471252441406,222.3182373046875,572.5223999023438,84.61082458496094,281.8287048339844
2025-03-04,495.8599853515625,51.440406799316406,224.53134155273438,565.7455444335938,83.79859924316406,278.31207275390625
2025-03-05,498.5,52.97206115722656,228.6884002685547,571.826171875,84.95750427246094,281.47607421875
2025-03-06,497.8399963378906,52.644535064697266,219.09825134277344,561.6756591796875,82.52080535888672,276.2452087402344
2025-03-07,495.6199951171875,52.875728607177734,224.39178466796875,564.82373046875,82.83777618408203,277.54803466796875
2025-03-10,497.1000061035156,51.67159652709961,213.86453247070312,549.7792358398438,79.72752380371094,269.9858703613281
2025-03-11,496.25,52.028018951416016,213.5554962158203,545.2091064453125,79.57894134521484,268.0953063964844
2025-03-12,495.94000244140625,52.317012786865234,219.83596801757812,548.1021728515625,80.80719757080078,269.4176940917969
2025-03-13,504.25,52.06655502319336,218.8689727783203,540.7957763671875,79.29169464111328,265.6365966796875
2025-03-14,514.5999755859375,53.010589599609375,225.86720275878906,551.9663696289062,81.33219146728516,271.327880859375
2025-03-17,523.010009765625,53.8871955871582,228.24978637695312,556.2227172851562,81.57981872558594,273.5710144042969
2025-03-18,523.1400146484375,53.64636993408203,224.72076416015625,550.2107543945312,80.19307708740234,270.62255859375
2025-03-19,525.27001953125,53.71379852294922,226.70458984375,556.203125,81.4411392211914,273.6983642578125
2025-03-20,528.72998046875,53.241783142089844,226.345703125,554.5947265625,81.2331314086914,273.0420837402344
2025-03-21,521.9099731445312,53.058753967285156,224.07278442382812,554.7776489257812,81.48076629638672,273.14984130859375
2025-03-24,525.8499755859375,53.22251510620117,229.9145965576172,564.7128295898438,83.45173645019531,278.20440673828125
2025-03-25,528.8699951171875,53.13581848144531,228.93763732910156,566.0703735351562,83.81875610351562,278.6745300292969
2025-03-26,533.2100219726562,52.817928314208984,221.3213348388672,559.3124389648438,82.01344299316406,275.41265869140625
2025-03-27,534.52001953125,53.04911804199219,217.07455444335938,557.8270874023438,81.49762725830078,274.24774169921875
2025-03-28,526.3099975585938,52.10508346557617,211.51185607910156,546.5933837890625,79.47407531738281,268.7822265625
2025-03-31,532.5800170898438,51.9894905090332,210.81402587890625,550.2625122070312,79.72206115722656,270.16827392578125
2025-04-01,532.989990234375,52.220680236816406,211.83087158203125,551.816650390625,80.29737091064453,271.08245849609375
2025-04-02,537.719970703125,52.27847671508789,213.4259033203125,555.308837890625,80.96198272705078,273.22540283203125
2025-04-03,530.1599731445312,51.20921325683594,194.96336364746094,527.9428100585938,76.56770324707031,259.47320556640625
2025-04-04,493.5400085449219,48.41563415527344,180.23916625976562,497.035400390625,71.86589813232422,244.24649047851562
2025-04-07,490.3800048828125,46.700950622558594,184.32644653320312,496.1501159667969,72.25275421142578,243.45030212402344
2025-04-08,492.6400146484375,45.98810958862305,179.3917999267578,488.3790588378906,71.25090026855469,239.60675048828125
2025-04-09,521.4099731445312,49.16700744628906,210.176025390625,539.6682739257812,79.3451156616211,263.9163818359375
2025-04-10,515.8099975585938,48.309669494628906,195.60137939453125,516.0205078125,76.26019287109375,253.05419921875
2025-04-11,524.1099853515625,49.76425552368164,200.685546875,525.2278442382812,77.65882110595703,257.2909851074219
2025-04-14,529.52001953125,50.22663879394531,200.984619140625,530.3232421875,78.12503814697266,259.6600036621094
2025-04-15,528.1699829101562,50.188106536865234,202.29055786132812,528.8378295898438,78.16471099853516,259.20782470703125
2025-04-16,516.4500122070312,49.6197624206543,193.7471466064453,517.0828857421875,75.93285369873047,253.82095336914062
2025-04-17,518.2100219726562,50.06288146972656,191.9327850341797,517.8206176757812,75.96261596679688,254.3517608642578
2025-04-21,506.9200134277344,50.043617248535156,187.2473602294922,505.4951171875,73.82001495361328,248.3063201904297
2025-04-22,520.7899780273438,50.79499053955078,191.3047332763672,518.64697265625,75.82374572753906,254.6269989013672
2025-04-23,526.8099975585938,51.3151741027832,198.29299926757812,526.6836547851562,77.619140625,258.9620361328125
2025-04-24,531.6400146484375,51.970218658447266,208.32179260253906,537.769775390625,79.71215057373047,264.41766357421875
2025-04-25,530.9600219726562,51.787193298339844,211.31248474121094,541.6552734375,80.88263702392578,266.0396423339844
2025-04-28,530.9400024414062,51.92205810546875,209.99656677246094,541.8618774414062,80.78343963623047,266.42303466796875
2025-04-29,534.5700073242188,52.114715576171875,209.63768005371094,545.2752075195312,81.32899475097656,268.02532958984375
2025-04-30,533.25,52.18214797973633,210.62461853027344,545.49169921875,81.33890533447266,268.1826171875
2025-05-01,530.22998046875,52.15324783325195,211.64146423339844,549.3575439453125,82.30109405517578,269.85369873046875
2025-05-02,539.7999877929688,53.66563415527344,218.3505859375,557.5123291015625,83.78900146484375,274.0608825683594
2025-05-05,512.1500244140625,54.09912109375,216.9349822998047,554.3153076171875,83.38230895996094,272.5078430175781
2025-05-06,512.3300170898438,53.82939529418945,214.92124938964844,549.6821899414062,82.64828491210938,270.2960205078125
2025-05-07,518.219970703125,53.212886810302734,219.33750915527344,551.9938354492188,82.90618133544922,271.4166564941406
2025-05-08,513.25,53.14545440673828,221.2615203857422,555.8400268554688,83.52117156982422,273.5498046875
2025-05-09,513.739990234375,53.49224090576172,222.70701599121094,555.1317749023438,83.37238311767578,273.2450866699219
2025-05-12,514.2999877929688,54.66747283935547,236.67356872558594,573.4774780273438,86.59619140625,282.3869934082031
2025-05-13,511.8800048828125,54.792701721191406,244.79827880859375,577.2646484375,88.07417297363281,284.3038635253906
2025-05-14,503.3999938964844,55.18765640258789,247.2207489013672,578.0023803710938,88.7090072631836,284.4906311035156
2025-05-15,507.3299865722656,55.197288513183594,246.36341857910156,580.8256225585938,88.73876190185547,285.65057373046875
2025-05-16,514.3099975585938,55.20692443847656,245.65562438964844,584.5045776367188,89.3041763305664,287.6067199707031
2025-05-19,512.3900146484375,55.37068557739258,245.24688720703125,585.1439208984375,89.32402801513672,287.8327941894531
2025-05-20,508.739990234375,55.31288146972656,244.77833557128906,583.1765747070312,88.8974838256836,286.88916015625
2025-05-21,507.0299987792969,55.23582458496094,240.72097778320312,573.349609375,87.53852844238281,281.8954772949219
2025-05-22,503.57000732421875,55.09132385253906,240.06301879882812,573.575927734375,87.80634307861328,281.8463134765625
2025-05-23,503.4599914550781,55.3417854309082,236.70347595214844,569.6607666015625,87.12191772460938,280.19488525390625
2025-05-27,509.1600036621094,55.274356842041016,244.21011352539062,581.5043334960938,89.16531372070312,285.95526123046875
2025-05-28,503.1099853515625,55.02389144897461,241.60821533203125,578.1400146484375,88.83795928955078,284.27435302734375
2025-05-29,506.17999267578125,55.31288146972656,243.3228759765625,580.4222412109375,89.17523193359375,285.1885681152344
2025-05-30,503.9599914550781,54.60966873168945,239.0063018798828,579.7730102539062,88.96692657470703,284.9526062011719
2025-06-02,502.80999755859375,55.06242752075195,242.54530334472656,583.0388793945312,89.6612777709961,286.4074401855469
2025-06-03,497.8299865722656,55.158756256103516,248.0182647705078,586.3637084960938,90.266357421875,288.38330078125
2025-06-04,491.0,55.84270477294922,250.96908569335938,586.2063598632812,90.44490051269531,288.3537902832031
2025-06-05,488.739990234375,56.1124267578125,250.52047729492188,583.373291015625,89.76046752929688,286.76141357421875
2025-06-06,493.5299987792969,56.34362030029297,251.946044921875,589.3639526367188,90.6928939819336,290.103515625
2025-06-09,493.3299865722656,56.75783920288086,256.16290283203125,589.8950805664062,90.74249267578125,290.3394470214844
2025-06-10,491.1300048828125,57.13352966308594,261.257080078125,593.2396850585938,91.20869445800781,291.8729553222656
2025-06-11,488.1400146484375,57.42251968383789,261.0676574707031,591.5477294921875,91.04998779296875,291.09637451171875
2025-06-12,490.3399963378906,57.48031234741211,262.3337097167969,593.898681640625,91.42692565917969,292.0302429199219
2025-06-13,487.5400085449219,56.55554962158203,256.19281005859375,587.2587890625,90.27627563476562,288.5799255371094
2025-06-16,490.2300109863281,57.1991081237793,262.5630187988281,592.84619140625,91.38723754882812,291.4306335449219
2025-06-17,483.4800109863281,56.46778869628906,260.778564453125,587.7802124023438,90.63337707519531,289.0025939941406
2025-06-18,485.1400146484375,56.497039794921875,261.77545166015625,587.6915893554688,90.53418731689453,289.1107177734375
2025-06-20,484.8500061035156,56.13625717163086,259.462646484375,586.3114624023438,89.9588623046875,288.4422912597656
2025-06-23,487.7699890136719,56.60430145263672,261.1075439453125,592.102783203125,91.07644653320312,291.21435546875
2025-06-24,493.4800109863281,58.02793884277344,270.69769287109375,598.643798828125,92.41756439208984,294.6155090332031
2025-06-25,486.2099914550781,58.06694412231445,274.3463439941406,598.9793090820312,92.75533294677734,294.271484375
2025-06-26,485.04998779296875,58.46673583984375,276.34014892578125,603.6655883789062,93.61959838867188,296.8076171875
2025-06-27,485.67999267578125,58.261962890625,277.5563659667969,606.664794921875,94.16596984863281,298.1543273925781
2025-06-30,485.7699890136719,58.53498840332031,278.0149230957031,609.5654296875,94.6924819946289,299.6658020019531
2025-07-01,489.6099853515625,58.59349822998047,274.9843444824219,609.3681640625,93.7090072631836,299.6658020019531
2025-07-02,480.4800109863281,58.817771911621094,280.3775634765625,612.1305541992188,94.42426300048828,301.2236633300781
2025-07-03,485.0,59.11029815673828,282.740234375,616.9549560546875,95.43754577636719,303.70831298828125
2025-07-07,478.0299987792969,58.261962890625,278.8922119140625,612.357421875,94.72228240966797,301.3124084472656
2025-07-08,477.4700012207031,58.5837516784668,282.6006774902344,612.0220336914062,94.51367950439453,301.29266357421875
2025-07-09,478.9100036621094,58.54474639892578,284.53466796875,615.692138671875,95.36800384521484,303.18572998046875
2025-07-10,478.2699890136719,58.730010986328125,286.62811279296875,617.4285278320312,95.45741271972656,303.9942321777344
2025-07-11,475.8599853515625,58.564247131347656,286.59820556640625,615.258056640625,95.20906066894531,302.71246337890625
2025-07-14,476.30999755859375,58.671504974365234,284.4349670410156,616.4320678710938,95.55675506591797,303.40264892578125
2025-07-15,470.1300048828125,59.0810432434082,289.89794921875,613.7978515625,95.61636352539062,301.80535888671875
2025-07-16,471.30999755859375,59.31507110595703,288.3826599121094,615.8499755859375,95.89451599121094,302.9490966796875
2025-07-17,473.3999938964844,59.65635299682617,290.80511474609375,619.61865234375,96.57998657226562,304.92108154296875
2025-07-18,473.79998779296875,59.52959060668945,289.40948486328125,619.1649780273438,96.62964630126953,304.75341796875
2025-07-21,474.4100036621094,59.89037322998047,289.6088562011719,620.3389892578125,96.91773986816406,305.09857177734375
2025-07-22,478.1300048828125,59.85137176513672,284.48480224609375,620.427734375,96.33163452148438,305.45343017578125
2025-07-23,482.6300048828125,60.48518371582031,285.720947265625,625.7061157226562,97.23562622070312,308.02685546875
2025-07-24,480.6000061035156,60.16340255737305,286.9072570800781,625.9132690429688,97.42438507080078,307.91839599609375
2025-07-25,484.07000732421875,59.9683837890625,286.59820556640625,628.5572509765625,97.9111557006836,309.2889099121094
2025-07-28,481.70001220703125,59.51008605957031,290.5060729980469,628.3994140625,98.25885772705078,309.2001647949219
2025-07-29,476.55999755859375,59.57834243774414,291.9914245605469,626.741943359375,97.8217544555664,308.2239990234375
2025-07-30,476.0,59.16880798339844,295.3410339355469,625.9526977539062,98.09990692138672,307.8691101074219
2025-07-31,471.8800048828125,58.82752227783203,287.88421630859375,623.6046142578125,97.9111557006836,306.5281982421875
2025-08-01,472.8399963378906,58.40822982788086,283.0692138671875,613.3834838867188,96.12300872802734,301.450439453125
2025-08-04,459.1099853515625,59.02254104614258,289.28985595703125,622.7067260742188,97.95088958740234,306.1732177734375
2025-08-05,464.19000244140625,59.22731018066406,286.2094421386719,619.5496215820312,97.25550842285156,304.82244873046875
2025-08-06,468.9100036621094,59.4808349609375,285.7309265136719,624.295166015625,98.35820007324219,306.8831481933594
2025-08-07,461.4700012207031,59.95863342285156,290.2169494628906,623.772216796875,98.010498046875,306.70562744140625
2025-08-08,465.3999938964844,59.8806266784668,292.6194763183594,628.6361694335938,98.67608642578125,308.6381530761719
2025-08-11,464.7300109863281,59.744110107421875,292.4898681640625,627.39306640625,98.5270767211914,307.9282531738281
2025-08-12,470.3900146484375,60.50468444824219,299.1690979003906,634.0723266601562,99.62977600097656,311.6946716308594
2025-08-13,477.30999755859375,61.13850021362305,300.345458984375,636.2428588867188,99.47081756591797,313.2032165527344
2025-08-14,479.2200012207031,60.42668151855469,300.98345947265625,636.302001953125,99.5999755859375,312.73980712890625
2025-08-15,477.20001220703125,60.572940826416016,294.73291015625,634.8123168945312,99.31187438964844,312.0298767089844
2025-08-18,478.5199890136719,60.943477630615234,295.93914794921875,634.674072265625,99.40128326416016,312.1482238769531
2025-08-19,485.30999755859375,60.455928802490234,289.9677429199219,631.2308959960938,98.16944122314453,310.2551574707031
2025-08-20,488.67999267578125,60.319419860839844,288.06365966796875,629.5537109375,97.73233795166016,309.4367980957031
2025-08-21,488.5899963378906,60.22190475463867,286.56829833984375,627.0280151367188,97.31510162353516,308.3719482421875
2025-08-22,489.0,61.3530158996582,292.7291564941406,636.6571655273438,98.88471221923828,313.71588134765625
2025-08-25,486.17999267578125,61.0312385559082,293.00830078125,633.855224609375,98.7158203125,312.2073669433594
2025-08-26,492.2099914550781,60.943477630615234,295.8294982910156,636.5092163085938,99.28207397460938,313.62713623046875
2025-08-27,495.7200012207031,60.602195739746094,296.7366638183594,637.95947265625,99.43107604980469,314.4652404785156
2025-08-28,499.8599853515625,60.82646942138672,297.952880859375,640.21875,99.95758819580078,315.60894775390625
2025-08-29,502.9800109863281,60.5436897277832,289.3895568847656,636.400634765625,98.83503723144531,313.735595703125
2025-09-02,501.1400146484375,60.44618225097656,285.59136962890625,631.6847534179688,97.9806900024414,311.556640625
2025-09-03,501.489990234375,60.6899528503418,285.54150390625,635.1082763671875,98.94430541992188,312.8778076171875
2025-09-04,506.9100036621094,60.49493408203125,288.9608459472656,640.4161376953125,99.8681869506836,315.64837646484375
2025-09-05,499.7699890136719,61.21650695800781,292.3702697753906,638.561279296875,99.78870391845703,315.0666809082031
2025-09-08,493.7799987792969,61.7625617980957,295.6001892089844,640.1299438476562,100.3052978515625,316.0723876953125
2025-09-09,492.7200012207031,61.9868278503418,296.8861999511719,641.6099243164062,100.77220153808594,316.47662353515625
2025-09-10,490.0799865722656,62.425621032714844,299.8968200683594,643.4647216796875,101.73582458496094,317.2850646972656
2025-09-11,496.9100036621094,63.195945739746094,302.9872131347656,648.81201171875,102.212646484375,320.2232971191406
2025-09-12,493.739990234375,63.176448822021484,303.37603759765625,648.5949096679688,102.36165618896484,319.7598876953125
2025-09-15,491.5400085449219,63.615234375,306.2171936035156,652.0480346679688,103.37494659423828,321.3177185058594
2025-09-16,490.989990234375,64.0930404663086,306.2570495605469,651.1502075195312,103.11666107177734,320.8838806152344
2025-09-17,492.3299865722656,64.3465576171875,304.3031311035156,650.3412475585938,102.60008239746094,320.5979919433594
2025-09-18,490.5,64.19054412841797,315.9867858886719,653.3798828125,103.32527923583984,322.61920166015625
2025-09-19,492.8500061035156,64.04428100585938,314.7306823730469,656.6160278320312,104.03060150146484,323.8319396972656
2025-09-22,493.7099914550781,64.29780578613281,321.170654296875,659.7225341796875,104.7557601928711,325.23199462890625
2025-09-23,494.1000061035156,64.32706451416016,320.7021179199219,656.1312866210938,103.72122955322266,323.48687744140625
2025-09-24,497.0899963378906,64.06378173828125,320.1139221191406,654.043701171875,103.27360534667969,322.3036804199219
2025-09-25,494.9599914550781,63.75175094604492,320.0640869140625,651.0263061523438,102.67676544189453,320.5782775878906
2025-09-26,500.0299987792969,63.56648635864258,320.8217468261719,654.756103515625,103.13434600830078,322.5896301269531
2025-09-29,499.25,64.06378173828125,321.65911865234375,656.5962524414062,103.51234436035156,323.40728759765625
2025-09-30,502.739990234375,64.27830505371094,325.3476257324219,659.0694580078125,103.95997619628906,324.4652099609375
2025-10-01,498.20001220703125,64.78535461425781,332.6549072265625,661.3153686523438,104.39765930175781,325.5923156738281
2025-10-02,495.9200134277344,65.08763885498047,337.1907958984375,662.0769653320312,104.58665466308594,326.06689453125
2025-10-03,498.75,65.26315307617188,335.6356201171875,662.0672607421875,104.2782974243164,326.244873046875
2025-10-06,500.0199890136719,65.53617858886719,342.3148498535156,664.4415893554688,104.76571655273438,327.4708557128906
2025-10-07,502.29998779296875,65.06813049316406,336.0044860839844,661.9781494140625,104.1987075805664,325.8988342285156
2025-10-08,499.8399963378906,65.5556869506836,344.99652099609375,665.925537109375,105.06414031982422,328.0641174316406
2025-10-09,496.739990234375,64.94136810302734,344.13916015625,663.996337890625,105.12381744384766,326.92706298828125
2025-10-10,489.1300048828125,62.620643615722656,324.330810546875,646.0499877929688,101.86107635498047,318.1670837402344
2025-10-13,491.92999267578125,64.434326171875,338.69610595703125,655.9629516601562,104.00971221923828,323.23919677734375
2025-10-14,495.9700012207031,63.84926223754883,332.46551513671875,655.16162109375,103.18408203125,323.1402893066406
2025-10-15,496.3900146484375,64.92186737060547,340.7198181152344,658.0702514648438,103.68144989013672,324.6728210449219
2025-10-16,488.80999755859375,65.3216552734375,342.2350769042969,653.5886840820312,103.16419219970703,322.0923156738281
2025-10-17,492.4200134277344,65.2533950805664,341.76654052734375,657.2986450195312,103.69139099121094,323.6050109863281
2025-10-20,494.0799865722656,66.11148834228516,346.1429443359375,664.1348876953125,104.59660339355469,327.2138366699219
2025-10-21,491.2900085449219,65.39966583251953,344.2288818359375,664.125,104.38771057128906,327.1742858886719
2025-10-22,491.80999755859375,65.3899154663086,337.5496826171875,660.6722412109375,103.79086303710938,325.18695068359375
2025-10-23,490.1600036621094,65.92621612548828,343.7304382324219,664.5899658203125,104.56676483154297,327.273193359375
2025-10-24,492.1000061035156,66.34550476074219,350.0508117675781,670.0213623046875,105.67092895507812,329.9426574707031
2025-10-27,488.07000732421875,67.07682800292969,358.823486328125,677.9260864257812,107.3321304321289,333.6206359863281
2025-10-28,481.44000244140625,67.05732727050781,361.983642578125,679.7266235351562,108.13786315917969,334.1347961425781
2025-10-29,475.760009765625,67.4181137084961,367.4665832519531,680.05322265625,108.81429290771484,333.8974914550781
2025-10-30,478.5199890136719,66.6867904663086,362.60174560546875,672.5738525390625,107.1331787109375,330.3084716796875
2025-10-31,477.5400085449219,66.56977844238281,361.8939208984375,674.780029296875,107.49129486083984,331.6333923339844
2025-11-03,475.67999267578125,67.01832580566406,364.9643859863281,676.04638671875,108.02845001220703,332.009033203125
2025-11-04,487.6600036621094,65.79945373535156,351.665771484375,668.0328369140625,106.06881713867188,327.994873046875
2025-11-05,488.7699890136719,66.37476348876953,358.3848571777344,670.3478393554688,106.4567642211914,329.3988342285156
2025-11-06,493.1499938964844,65.84820556640625,350.0009460449219,663.1554565429688,104.88508605957031,325.65167236328125
2025-11-07,499.05999755859375,65.61418151855469,347.0401611328125,663.808349609375,104.67619323730469,326.3634948730469
2025-11-10,496.9800109863281,66.74529266357422,357.67706298828125,674.1666259765625,107.09339904785156,331.1390075683594
2025-11-11,497.07000732421875,66.79405212402344,349.9610595703125,675.7099609375,106.73529815673828,331.9497375488281
2025-11-12,502.3999938964844,66.82330322265625,354.4271545410156,676.0859375,106.48661041259766,332.0683898925781
2025-11-13,513.1099853515625,66.08222961425781,343.7503967285156,664.8670043945312,104.15892028808594,326.185546875
2025-11-14,508.94000244140625,66.17974853515625,343.909912109375,664.7581176757812,104.25839233398438,326.1361083984375
2025-11-17,503.260009765625,65.39966583251953,339.244384765625,658.5650024414062,103.46261596679688,322.7448425292969
2025-11-18,504.3699951171875,65.03887939453125,332.25616455078125,653.0346069335938,102.56733703613281,320.5597839355469
2025-11-19,501.260009765625,64.84385681152344,338.3870849609375,655.5574340820312,103.21392822265625,321.60784912109375
2025-11-20,501.1199951171875,64.0052719116211,324.091552734375,645.5652465820312,101.40351104736328,316.4862976074219
2025-11-21,504.0400085449219,63.94677734375,325.1183776855469,651.9959106445312,102.06002807617188,320.14453125
2025-11-24,507.80999755859375,64.60008239746094,338.06805419921875,661.59228515625,105.51176452636719,324.929931640625
2025-11-25,508.57000732421875,64.80486297607422,338.955322265625,667.8152465820312,105.3426513671875,328.4101867675781
2025-11-26,511.2300109863281,65.26315307617188,346.63140869140625,672.4254760742188,106.06881713867188,330.6644287109375
2025-11-28,513.8099975585938,65.42891693115234,351.187255859375,676.0958862304688,106.47665405273438,332.5133056640625
2025-12-01,508.54998779296875,65.37041473388672,351.8651428222656,673.0091552734375,105.94944763183594,330.8819274902344
2025-12-02,506.6499938964844,65.37041473388672,358.3150634765625,674.2556762695312,106.2578125,331.2773742675781
2025-12-03,503.6000061035156,65.42891693115234,363.23974609375,676.590576171875,106.46671295166016,332.7604675292969
2025-12-04,503.2300109863281,65.39966583251953,360.47833251953125,677.0851440429688,106.90440368652344,333.28448486328125
2025-12-05,504.3399963378906,65.75070190429688,363.28961181640625,678.3712768554688,107.25255584716797,333.7491760253906
2025-12-08,497.2300109863281,65.67269134521484,367.4067687988281,676.333251953125,106.89443969726562,332.7703857421875
2025-12-09,491.42999267578125,65.60443878173828,367.8553771972656,675.7495727539062,106.85466003417969,332.4342346191406
2025-12-10,490.42999267578125,66.23824310302734,372.9395751953125,680.2312622070312,107.29234313964844,334.906005859375
2025-12-11,495.8500061035156,65.96522521972656,369.7395324707031,681.8140869140625,107.18292236328125,336.0331115722656
2025-12-12,499.5199890136719,65.2241439819336,353.02154541015625,674.4832763671875,105.43218994140625,332.1969299316406
2025-12-15,506.3800048828125,65.05838775634766,351.8053283691406,673.4642333984375,105.14370727539062,331.5443420410156
2025-12-16,499.8399963378906,64.63082122802734,350.8482971191406,671.6240844726562,105.29292297363281,330.5852966308594
2025-12-17,504.2699890136719,64.2042465209961,338.18768310546875,664.2338256835938,103.2835464477539,326.97650146484375
2025-12-18,503.3900146484375,64.87882995605469,346.1728515625,669.2496948242188,104.53691101074219,329.48785400390625
2025-12-19,494.5299987792969,65.56332397460938,355.125,675.3153686523438,105.87982177734375,332.42431640625
2025-12-22,499.95001220703125,65.91053771972656,359.70001220703125,679.5225219726562,106.66785430908203,334.73553466796875
2025-12-23,500.510009765625,66.3073501586914,363.1600036621094,682.6282348632812,107.52461242675781,335.8460693359375
2025-12-24,501.3399963378906,66.40655517578125,364.1700134277344,685.0294799804688,107.8035659790039,336.9961853027344
2025-12-26,498.29998779296875,66.85296630859375,365.8599853515625,684.9599609375,107.78364562988281,336.7879943847656
2025-12-29,501.04998779296875,66.684326171875,364.2099914550781,682.51904296875,107.23571014404297,335.5188293457031
2025-12-30,503.7099914550781,66.85296630859375,363.30999755859375,681.6856079101562,107.07630920410156,334.9834289550781
2025-12-31,502.6499938964844,66.684326171875,360.1300048828125,676.635009765625,106.29924011230469,332.42529296875
2026-01-02,496.8500061035156,68.45013427734375,373.29998779296875,677.8753662109375,106.34904479980469,333.45648193359375
2026-01-05,498.5199890136719,69.1445541381836,377.5899963378906,682.3900756835938,106.75750732421875,335.9649963378906
2026-01-06,499.04998779296875,69.67034149169922,387.6199951171875,686.4483642578125,107.33533477783203,338.3149108886719
2026-01-07,496.1199951171875,69.21399688720703,385.0199890136719,684.2356567382812,107.60432434082031,337.16473388671875
2026-01-08,499.7699890136719,69.22392272949219,378.9800109863281,684.1661987304688,106.69773864746094,337.2539978027344
2026-01-09,499.1000061035156,69.48184967041016,389.2200012207031,688.6908569335938,107.51465606689453,339.49481201171875
2026-01-12,498.6700134277344,70.39451599121094,390.6600036621094,689.7723388671875,107.88327026367188,340.1194763183594
2026-01-13,495.239990234375,69.9084243774414,391.5299987792969,688.3932495117188,107.6939697265625,339.435302734375
2026-01-14,493.1499938964844,70.24571228027344,388.3500061035156,685.0095825195312,106.42874908447266,338.106689453125
2026-01-15,492.6199951171875,70.61276245117188,396.4100036621094,686.8750610351562,106.78739166259766,339.14776611328125
2026-01-16,493.2900085449219,70.3548355102539,400.3900146484375,686.2994995117188,106.8770523071289,338.949462890625
2026-01-20,485.3900146484375,69.80921936035156,390.3900146484375,672.3286743164062,104.28681945800781,332.2666320800781
2026-01-21,483.8299865722656,70.81116485595703,401.92999267578125,680.0880126953125,105.27310943603516,336.2029724121094
2026-01-22,484.489990234375,71.38655090332031,402.82000732421875,683.6403198242188,106.10994720458984,337.977783203125
2026-01-23,478.9700012207031,71.82304382324219,400.0899963378906,683.8883056640625,106.54829406738281,337.6704406738281
2026-01-26,483.4700012207031,72.02144622802734,398.82000732421875,687.3612060546875,107.23571014404297,339.1279602050781
2026-01-27,474.6700134277344,73.36068725585938,407.25,690.099853515625,108.25188446044922,340.3573913574219
2026-01-28,473.489990234375,73.85670471191406,416.6300048828125,690.0303344726562,108.38138580322266,340.1690368652344
2026-01-29,476.7900085449219,73.49957275390625,417.5199890136719,688.6610717773438,107.773681640625,339.3857421875
2026-01-30,480.5299987792969,71.98176574707031,403.4599914550781,686.6071166992188,106.84716796875,337.68035888671875
2026-02-02,487.2900085449219,72.24961853027344,407.9700012207031,690.0204467773438,107.22573852539062,339.5741271972656
2026-02-03,493.739990234375,72.56707000732422,397.67999267578125,684.18603515625,105.46239471435547,336.9664306640625
2026-02-04,503.8299865722656,71.71392059326172,382.0199890136719,680.8719482421875,103.59941101074219,335.3800354003906
2026-02-05,503.8900146484375,71.29727172851562,381.07000732421875,672.3683471679688,101.99546813964844,331.0669250488281
2026-02-06,508.0899963378906,73.08292388916016,401.6499938964844,685.267578125,104.5657730102539,338.0670166015625
2026-02-09,498.0799865722656,73.64837646484375,406.6499938964844,688.57177734375,105.6915283203125,339.7327880859375
2026-02-10,500.29998779296875,73.77734375,404.760009765625,686.7559814453125,105.13362121582031,338.89990234375
2026-02-11,500.0199890136719,74.88842010498047,414.7799987792969,686.5972290039062,104.90450286865234,338.5727233886719
2026-02-12,500.010009765625,74.05511474609375,406.1099853515625,675.9901123046875,103.06143951416016,333.1590270996094
2026-02-13,497.54998779296875,74.37256622314453,407.7200012207031,676.46630859375,102.62309265136719,333.7935791015625
2026-02-17,503.4100036621094,74.09479522705078,407.510009765625,677.5578002929688,102.9618148803711,334.2100524902344
2026-02-18,499.07000732421875,74.4916000366211,412.54998779296875,680.9711303710938,103.62930297851562,335.9550476074219
2026-02-19,496.94000244140625,74.33287811279297,410.20001220703125,679.1751708984375,103.47987365722656,335.3205261230469
2026-02-20,498.20001220703125,75.83084869384766,415.0299987792969,684.0867919921875,104.49603271484375,337.38287353515625
2026-02-23,494.0899963378906,75.03722381591797,412.8800048828125,677.1013793945312,103.22084045410156,333.6051940917969
2026-02-24,494.510009765625,76.17806243896484,419.1600036621094,682.0228881835938,103.95806121826172,336.3318786621094
2026-02-25,493.989990234375,76.95184326171875,426.1600036621094,687.778076171875,105.42253875732422,338.92962646484375
2026-02-26,502.6700134277344,76.20781707763672,412.010009765625,683.9578247070312,104.11746215820312,337.60101318359375
2026-02-27,504.95001220703125,76.14830017089844,406.3699951171875,680.6734619140625,103.18099975585938,335.8955993652344
2026-03-02,480.1700134277344,74.82889556884766,406.3900146484375,681.0604858398438,103.34039306640625,336.2426452636719
2026-03-03,481.3599853515625,71.2079849243164,391.05999755859375,675.057373046875,102.33418273925781,332.88140869140625
2026-03-04,487.4800109863281,71.89248657226562,399.1000061035156,679.820068359375,103.47987365722656,335.3205261230469
2026-03-05,500.3999938964844,70.3250732421875,395.3500061035156,676.0297241210938,103.38024139404297,333.14910888671875
2026-03-06,498.9800109863281,69.92826080322266,380.55999755859375,667.1688842773438,101.73644256591797,328.59808349609375
2026-03-09,497.20001220703125,71.25758361816406,394.3699951171875,673.0133666992188,103.36031341552734,331.4437255859375
2026-03-10,494.1400146484375,71.53535461425781,397.3299865722656,671.9317016601562,103.41012573242188,330.6802673339844
2026-03-11,493.57000732421875,71.69407653808594,401.0299987792969,671.08837890625,103.47987365722656,330.41253662109375
2026-03-12,491.8900146484375,69.41240692138672,388.1300048828125,660.8978881835938,101.70655059814453,325.1376647949219
2026-03-13,490.0299987792969,69.17432403564453,387.3299865722656,657.1571655273438,100.7103042602539,323.36285400390625
2026-03-16,492.2099914550781,71.03933715820312,393.9200134277344,663.844970703125,101.9854965209961,326.6645812988281
2026-03-17,492.5799865722656,71.48574829101562,396.8800048828125,665.5912475585938,102.18474578857422,327.76519775390625
2026-03-18,484.4700012207031,70.04730987548828,393.6700134277344,656.3038330078125,100.89958953857422,323.2537841796875
2026-03-19,481.4800109863281,70.17626953125,394.9200134277344,654.6864624023438,100.48117065429688,322.6787109375
2026-03-20,480.94000244140625,67.82515716552734,384.739990234375,645.3009643554688,98.53849792480469,317.6219787597656
2026-03-23,479.9800109863281,69.89849853515625,391.3599853515625,652.07666015625,99.77445220947266,321.4393310546875
2026-03-24,479.3299865722656,68.79734802246094,394.5899963378906,649.8877563476562,98.86668395996094,320.4378662109375
2026-03-25,476.19000244140625,69.94810485839844,399.0199890136719,653.5094604492188,99.4652099609375,322.39117431640625
2026-03-26,475.2699890136719,67.61683654785156,380.8399963378906,641.838623046875,96.61223602294922,316.83868408203125
2026-03-27,468.489990234375,67.31922149658203,374.25,630.89404296875,94.57723999023438,311.40606689453125
2026-03-30,474.6600036621094,66.78352355957031,362.5299987792969,628.78466796875,93.83905792236328,310.0036315917969
2026-03-31,479.20001220703125,69.19416046142578,383.3999938964844,647.0621337890625,97.66963958740234,319.0845642089844
2026-04-01,478.5,69.71993255615234,391.9700012207031,651.9373779296875,98.95646667480469,321.50146484375
2026-04-02,477.3500061035156,69.00566864013672,392.32000732421875,652.5244750976562,99.01631927490234,322.0187072753906
2026-04-06,476.3800048828125,69.5810546875,395.9800109863281,655.6087646484375,99.44526672363281,323.46087646484375
2026-04-07,478.0799865722656,69.76953887939453,399.8999938964844,655.8972778320312,99.91411590576172,323.6796875
2026-04-08,479.75,73.54917907714844,422.9200134277344,672.6027221679688,102.9366683959961,331.9052429199219
2026-04-09,485.20001220703125,73.35077667236328,430.30999755859375,676.4830322265625,103.74468231201172,333.64581298828125
2026-04-10,479.8999938964844,73.6583023071289,436.8800048828125,676.0353393554688,104.2135238647461,333.2479553222656
2026-04-13,480.19000244140625,74.34280395507812,443.3399963378906,682.6417846679688,105.49038696289062,336.8485107421875
2026-04-14,477.5400085449219,75.69196319580078,452.0,690.959716796875,107.68498229980469,340.80706787109375
2026-04-15,474.0899963378906,75.68204498291016,453.0,696.412109375,109.10150146484375,343.3831481933594
2026-04-16,475.1199951171875,76.02925109863281,454.79998779296875,698.1234130859375,109.32096099853516,344.1689147949219
2026-04-17,474.5799865722656,77.47761535644531,464.1600036621094,706.5607299804688,110.83722686767578,348.6446838378906
2026-04-20,472.0799865722656,76.92208099365234,463.9599914550781,705.1477661132812,110.28857421875,348.326416015625
2026-04-21,468.5,75.83084869384766,464.6600036621094,700.53125,109.54042053222656,345.9691467285156
2026-04-22,465.3999938964844,77.27921295166016,476.8299865722656,707.6253051757812,111.49560546875,349.33099365234375
2026-04-23,470.54998779296875,75.95980834960938,481.8500061035156,704.8792114257812,110.31849670410156,347.91864013671875
2026-04-24,469.32000732421875,77.54705810546875,506.44000244140625,710.3414916992188,112.06420135498047,350.1565246582031
2026-04-27,472.80999755859375,77.39825439453125,506.260009765625,711.5653686523438,112.66273498535156,350.6339416503906
2026-04-28,478.1600036621094,76.65422821044922,491.2099914550781,708.1029052734375,111.54548645019531,348.7441711425781
2026-04-29,475.3800048828125,76.35662841796875,499.5799865722656,707.993408203125,111.2462158203125,348.326416015625
2026-04-30,473.6000061035156,77.86450958251953,506.7200012207031,715.0377197265625,112.11408233642578,352.2750549316406
2026-05-01,473.010009765625,78.02323913574219,509.82000732421875,717.0177001953125,112.74253845214844,353.3791198730469
2026-05-04,468.5199890136719,77.95379638671875,506.7900085449219,714.3909912109375,112.6028823852539,352.076171875
2026-05-05,465.5199890136719,79.51128387451172,522.6900024414062,720.1220092773438,113.47074890136719,355.0699768066406
2026-05-06,469.8299865722656,81.89215850830078,549.760009765625,730.1312866210938,115.99453735351562,359.91375732421875
2026-05-07,475.0799865722656,80.82076263427734,540.0999755859375,727.8926391601562,115.83493041992188,358.2627258300781
2026-05-08,475.94000244140625,82.34849548339844,566.5399780273438,733.9021606445312,117.2713851928711,360.9183044433594
2026-05-11,479.54998779296875,82.3088150024414,576.3099975585938,735.5736694335938,117.62053680419922,361.67425537109375
2026-05-12,484.9599914550781,79.80889129638672,561.25,734.4593505859375,117.24146270751953,360.8387756347656
2026-05-13,485.5199890136719,81.3961410522461,572.4600219726562,738.5685424804688,118.53827667236328,362.7484436035156
2026-05-14,484.05999755859375,81.63423156738281,578.3400268554688,744.3989868164062,119.9847183227539,365.4239807128906
2026-05-15,482.70001220703125,78.85653686523438,556.3400268554688,735.4443969726562,118.07940673828125,360.7890319824219
2026-05-18,488.3800048828125,78.77718353271484,546.1599731445312,734.927001953125,117.2813720703125,360.41107177734375
2026-05-19,480.4599914550781,77.90419006347656,543.9600219726562,730.03173828125,116.10426330566406,358.1234436035156
2026-05-20,480.8999938964844,79.3029556274414,564.6599731445312,737.5138549804688,117.75021362304688,362.23126220703125
2026-05-21,479.9800109863281,79.93785858154297,567.8800048828125,738.9764404296875,117.9896240234375,363.1263732910156
2026-05-22,486.3800048828125,79.92793273925781,576.3200073242188,741.8817749023438,117.9896240234375,364.8172607421875
2026-05-26,483.6199951171875,82.9040298461914,602.1400146484375,746.8068237304688,119.46599578857422,367.472900390625
2026-05-27,479.9200134277344,82.79490661621094,595.5,746.6774291992188,119.42609405517578,367.3734130859375
2026-05-28,477.4200134277344,82.89410400390625,599.8300170898438,750.7965698242188,120.51341247558594,369.6610412597656
2026-05-29,474.4800109863281,82.80482482910156,598.9299926757812,752.6671142578125,121.20172119140625,370.5363464355469
2026-06-01,470.2900085449219,84.5011978149414,607.8099975585938,754.7166748046875,122.29901885986328,371.3916931152344
2026-06-02,471.510009765625,85.30474090576172,632.2100219726562,755.7415771484375,122.10948944091797,372.3465270996094
2026-06-03,475.3699951171875,84.16390228271484,637.9000244140625,750.4384155273438,120.91242980957031,369.6510925292969
2026-06-04,478.6300048828125,83.34052276611328,627.530029296875,753.2740478515625,120.8924789428711,371.371826171875
2026-06-05,488.1300048828125,78.0033950805664,569.6900024414062,733.83251953125,116.26387786865234,361.42559814453125
2026-06-08,487.0,79.33271789550781,598.1599731445312,735.4940795898438,117.031982421875,362.50970458984375
2026-06-09,487.7699890136719,79.40216064453125,591.010009765625,733.3350830078125,116.27384185791016,361.7140197753906
2026-06-10,483.67999267578125,77.99347686767578,570.9099731445312,721.7736206054688,113.64032745361328,356.11431884765625
2026-06-11,485.7900085449219,81.41598510742188,609.4500122070312,734.04150390625,116.13418579101562,362.34063720703125
2026-06-12,489.25,81.91199493408203,619.9600219726562,738.0113525390625,116.6130142211914,364.3895568847656
2026-06-15,495.5199890136719,84.41000366210938,647.0999755859375,751.0254516601562,119.95478820800781,370.5263977050781
2026-06-16,494.95001220703125,83.1500015258789,616.0,746.5481567382812,118.61808013916016,368.37799072265625
2026-06-17,491.2799987792969,83.0199966430664,623.969970703125,737.225341796875,117.30131530761719,363.79278564453125
2026-06-18,489.4599914550781,85.62999725341797,659.8800048828125,744.8902587890625,119.24653625488281,368.0000305175781
2026-06-22,488.69000244140625,86.0,668.9099731445312,742.546142578125,118.39557647705078,366.82635498046875
2026-06-23,492.80999755859375,81.31999969482422,622.0499877929688,731.7628784179688,115.5490493774414,361.743896484375
2026-06-24,494.80999755859375,81.44999694824219,618.9199829101562,731.4237060546875,115.31932830810547,361.6941223144531
2026-06-25,487.80999755859375,82.16999816894531,636.8800048828125,732.4810791015625,115.38923645019531,362.0223693847656
2026-06-26,498.6600036621094,81.30000305175781,611.6099853515625,727.1842651367188,114.57023620605469,361.30816650390625
2026-06-29,496.0,81.72000122070312,631.97998046875,739.1644897460938,117.26695251464844,366.1958312988281
2026-06-30,500.3900146484375,82.83999633789062,655.8900146484375,744.9202270507812,118.84502410888672,369.1084899902344
2026-07-01,499.739990234375,80.62999725341797,620.4600219726562,743.9127197265625,118.29570007324219,368.3404235839844
2026-07-02,507.7799987792969,79.83999633789062,592.2899780273438,742.9351806640625,117.05720520019531,367.83172607421875
2026-07-06,506.5799865722656,82.0,604.2999877929688,749.4190673828125,118.55537414550781,370.7344055175781
2026-07-07,504.0,79.79000091552734,581.4500122070312,745.85791015625,117.65647888183594,368.6795654296875
2026-07-08,494.7900085449219,80.30000305175781,593.0,743.5536499023438,117.77632904052734,367.322998046875
2026-07-09,495.45001220703125,81.0199966430664,607.72998046875,749.8480224609375,119.13467407226562,370.51495361328125
2026-07-10,493.7099914550781,81.31999969482422,611.030029296875,753.0799560546875,119.85379791259766,371.7518005371094
2026-07-13,496.8500061035156,78.48999786376953,585.6199951171875,747.3142700195312,117.95610809326172,368.84912109375
2026-07-14,491.0899963378906,79.72000122070312,600.3099975585938,749.9677124023438,119.2145767211914,370.2256774902344
2026-07-15,488.3500061035156,79.68000030517578,590.77001953125,752.9403076171875,119.8238296508789,371.4825134277344
2026-07-16,493.1199951171875,78.11000061035156,568.9199829101562,748.8604125976562,117.83625793457031,369.6470947265625
2026-07-17,490.9100036621094,76.9800033569336,556.530029296875,741.4487915039062,116.10836029052734,366.08612060546875
2026-07-20,491.25,77.20999908447266,558.8300170898438,740.2518310546875,116.4379653930664,365.3280334472656
2026-07-21,489.6499938964844,79.30000305175781,584.0800170898438,746.426513671875,117.90617370605469,368.5199890136719
2026-07-22,489.3900146484375,78.97000122070312,586.9099731445312,745.55859375,117.5266342163086,367.9414367675781
2026-07-23,490.8500061035156,78.44999694824219,580.1699829101562,736.3515014648438,115.50909423828125,363.7719421386719
2026-07-24,494.92999267578125,77.05000305175781,561.1900024414062,737.099609375,114.81993103027344,363.88165283203125
2026-07-27,497.17999267578125,77.3499984741211,548.5499877929688,737.25927734375,114.41043853759766,364.2607116699219
2026-07-28,512.3699951171875,75.80000305175781,529.5999755859375,739.0248413085938,114.07084655761719,365.06866455078125
2026-07-29,509.1600036621094,74.1500015258789,504.2200012207031,727.6531372070312,111.77365112304688,359.5127258300781
2026-07-30,509.67999267578125,77.05000305175781,538.9000244140625,739.852783203125,115.32931518554688,365.34796142578125
2026-07-31,511.5400085449219,77.61000061035156,540.530029296875,745.1796264648438,116.99727630615234,367.2830810546875
2026-08-03,513.1400146484375,78.11000061035156,545.4600219726562,755.793212890625,119.51421356201172,372.89892578125
2026-08-04,517.219970703125,80.23999786376953,575.7100219726562,769.4193725585938,122.3607406616211,379.8613586425781
2026-08-05,518.8499755859375,79.95999908447266,569.7000122070312,767.8831787109375,122.1010513305664,378.69427490234375
2026-08-06,524.6099853515625,79.33999633789062,571.47998046875,766.65625,122.02114868164062,378.1157531738281
2026-08-07,521.7999877929688,79.98999786376953,582.7000122070312,771.3446044921875,122.87010955810547,380.8189392089844
2026-08-10,529.4199829101562,79.55999755859375,569.4099731445312,771.1151733398438,122.58047485351562,380.6693115234375
2026-08-11,516.3800048828125,79.88999938964844,572.9299926757812,768.6513061523438,121.84136962890625,379.6917724609375
2026-08-12,510.0,81.0199966430664,584.8300170898438,770.5764770507812,122.32078552246094,380.8688049316406
2026-08-13,506.92999267578125,81.29000091552734,589.1199951171875,775.9531860351562,123.2496566772461,383.33258056640625
2026-08-14,504.0299987792969,81.19000244140625,587.8200073242188,774.4169921875,122.77023315429688,382.88372802734375
2026-08-17,498.2300109863281,81.94999694824219,594.0700073242188,770.7560424804688,122.33078002929688,381.1680603027344
2026-08-18,502.9599914550781,79.62999725341797,569.77001953125,765.5490112304688,120.75270080566406,378.0858459472656
2026-08-19,499.6199951171875,80.56999969482422,560.9199829101562,767.1549682617188,120.50300598144531,379.0334167480469
2026-08-20,496.8599853515625,81.05000305175781,562.6500244140625,760.7109985351562,119.66402435302734,375.63201904296875
2026-08-21,495.82000732421875,81.56999969482422,560.4199829101562,763.8232421875,120.06353759765625,377.287841796875
2026-08-24,504.32000732421875,80.48999786376953,546.7999877929688,761.5787963867188,119.19459533691406,376.12078857421875
2026-08-25,504.32000732421875,81.88999938964844,555.8200073242188,764.0127563476562,120.00361633300781,377.19805908203125
2026-08-26,504.9100036621094,81.8499984741211,555.77001953125,764.182373046875,119.85379791259766,377.2778625488281
2026-08-27,503.70001220703125,82.41999816894531,573.0,769.18994140625,121.6915512084961,379.67181396484375
2026-08-28,505.0,81.81999969482422,553.1099853515625,767.4442749023438,121.1022720336914,378.4049987792969
2026-08-31,504.0299987792969,81.7300033569336,556.6300048828125,765.1499633789062,120.74270629882812,377.19805908203125
2026-09-01,502.3299865722656,81.43000030517578,545.219970703125,759.89306640625,119.53418731689453,374.2255859375
2026-09-02,505.239990234375,81.93000030517578,550.47998046875,763.2646484375,120.12345886230469,375.9312744140625
2026-09-03,508.1300048828125,82.29000091552734,552.5999755859375,771.2548217773438,121.71153259277344,379.9710693359375
2026-09-04,506.0299987792969,83.6500015258789,567.010009765625,768.2822265625,121.55171966552734,378.77410888671875
2026-09-08,505.8299865722656,83.69999694824219,573.72998046875,764.0626831054688,120.96244049072266,376.6494445800781
2026-09-09,506.7200012207031,83.25,574.2899780273438,760.5115356445312,120.51299285888672,374.6145935058594
2026-09-10,507.0,81.58000183105469,560.280029296875,755.9528198242188,119.49423217773438,372.3004150390625
2026-09-11,510.3699951171875,82.56999969482422,568.530029296875,762.3967895507812,120.4730453491211,375.3627014160156
2026-09-14,514.9500122070312,80.4000015258789,541.5,758.9952392578125,119.63406372070312,373.7367858886719
2026-09-15,516.760009765625,80.0999984741211,542.1099853515625,755.513916015625,118.97486877441406,371.90142822265625
2026-09-16,519.7999877929688,80.11000061035156,545.5599975585938,752.1821899414062,118.85501098632812,370.3254089355469
2026-09-17,509.20001220703125,81.5,560.6099853515625,760.7109985351562,120.64282989501953,374.3951416015625
2026-09-18,509.7699890136719,81.66000366210938,573.0,761.6900024414062,121.32200622558594,374.4848937988281
2026-09-21,502.010009765625,83.76000213623047,596.030029296875,773.5,124.0999984741211,380.1406555175781
2026-09-22,503.489990234375,83.9000015258789,607.4600219726562,773.3800048828125,124.23999786376953,380.3102111816406
2026-09-23,507.1700134277344,82.22000122070312,601.4099731445312,767.8099975585938,123.05999755859375,377.2778625488281
2026-09-24,505.17999267578125,81.69999694824219,600.52001953125,767.1799926757812,123.2699966430664,377.12823486328125
2026-09-25,505.4800109863281,82.55000305175781,606.5599975585938,771.3499755859375,124.05999755859375,378.81396484375
2026-09-28,503.0899963378906,81.62000274658203,600.010009765625,765.6099853515625,123.08999633789062,375.8399963378906
2026-09-29,502.3500061035156,81.88999938964844,606.9000244140625,764.2000122070312,123.19000244140625,375.260009765625
2026-09-30,497.95001220703125,81.16000366210938,609.0,762.6300048828125,123.08000183105469,374.239990234375
2026-10-01,500.5,81.22000122070312,617.8099975585938,763.989990234375,123.38999938964844,375.17999267578125
2026-10-02,502.6499938964844,82.36000061035156,630.5999755859375,769.6400146484375,124.62000274658203,377.989990234375
